diagnostic_group,diagnostic_rank,video_id,frame_id,relative_path,width,height,short_edge,pixel_count,global_laplacian,global_tenengrad,mean_brightness
laplacian_top20,1,Sasha_v53,Sasha_v53/Sasha_v53_005.png,work/frames_raw/Sasha_v53/Sasha_v53_005.png,2160,3840,2160,8294400,172.647,12128.165,164.259
laplacian_top20,2,Sasha_v53,Sasha_v53/Sasha_v53_022.png,work/frames_raw/Sasha_v53/Sasha_v53_022.png,2160,3840,2160,8294400,164.098,12145.224,164.568
laplacian_top20,3,Sasha_v53,Sasha_v53/Sasha_v53_007.png,work/frames_raw/Sasha_v53/Sasha_v53_007.png,2160,3840,2160,8294400,160.937,11331.404,162.363
laplacian_top20,4,Sasha_v53,Sasha_v53/Sasha_v53_004.png,work/frames_raw/Sasha_v53/Sasha_v53_004.png,2160,3840,2160,8294400,158.925,11237.373,164.384
laplacian_top20,5,Sasha_v53,Sasha_v53/Sasha_v53_006.png,work/frames_raw/Sasha_v53/Sasha_v53_006.png,2160,3840,2160,8294400,148.961,10788.466,161.262
laplacian_top20,6,Sasha_v53,Sasha_v53/Sasha_v53_009.png,work/frames_raw/Sasha_v53/Sasha_v53_009.png,2160,3840,2160,8294400,148.782,10503.956,166.599
laplacian_top20,7,Sasha_v53,Sasha_v53/Sasha_v53_015.png,work/frames_raw/Sasha_v53/Sasha_v53_015.png,2160,3840,2160,8294400,146.083,10442.922,164.725
laplacian_top20,8,Sasha_v53,Sasha_v53/Sasha_v53_008.png,work/frames_raw/Sasha_v53/Sasha_v53_008.png,2160,3840,2160,8294400,144.806,10032.329,164.476
laplacian_top20,9,Sasha_v53,Sasha_v53/Sasha_v53_003.png,work/frames_raw/Sasha_v53/Sasha_v53_003.png,2160,3840,2160,8294400,142.44,10506.471,164.262
laplacian_top20,10,Sasha_v53,Sasha_v53/Sasha_v53_019.png,work/frames_raw/Sasha_v53/Sasha_v53_019.png,2160,3840,2160,8294400,141.041,10449.43,164.403
laplacian_top20,11,Sasha_v53,Sasha_v53/Sasha_v53_017.png,work/frames_raw/Sasha_v53/Sasha_v53_017.png,2160,3840,2160,8294400,123.906,9359.463,163.846
laplacian_top20,12,Sasha_v53,Sasha_v53/Sasha_v53_029.png,work/frames_raw/Sasha_v53/Sasha_v53_029.png,2160,3840,2160,8294400,121.279,8763.051,160.019
laplacian_top20,13,Sasha_v53,Sasha_v53/Sasha_v53_010.png,work/frames_raw/Sasha_v53/Sasha_v53_010.png,2160,3840,2160,8294400,120.607,8738.521,161.588
laplacian_top20,14,Sasha_v53,Sasha_v53/Sasha_v53_014.png,work/frames_raw/Sasha_v53/Sasha_v53_014.png,2160,3840,2160,8294400,120.554,9019.975,163.837
laplacian_top20,15,Sasha_v53,Sasha_v53/Sasha_v53_021.png,work/frames_raw/Sasha_v53/Sasha_v53_021.png,2160,3840,2160,8294400,119.098,8901.246,162.779
laplacian_top20,16,Sasha_v53,Sasha_v53/Sasha_v53_012.png,work/frames_raw/Sasha_v53/Sasha_v53_012.png,2160,3840,2160,8294400,118.969,8534.082,165.397
laplacian_top20,17,Sasha_v53,Sasha_v53/Sasha_v53_013.png,work/frames_raw/Sasha_v53/Sasha_v53_013.png,2160,3840,2160,8294400,118.218,8211.231,164.44
laplacian_top20,18,Sasha_v53,Sasha_v53/Sasha_v53_011.png,work/frames_raw/Sasha_v53/Sasha_v53_011.png,2160,3840,2160,8294400,115.915,8254.149,162.407
laplacian_top20,19,Sasha_v53,Sasha_v53/Sasha_v53_018.png,work/frames_raw/Sasha_v53/Sasha_v53_018.png,2160,3840,2160,8294400,111.738,8353.842,164.925
laplacian_top20,20,Sasha_v53,Sasha_v53/Sasha_v53_020.png,work/frames_raw/Sasha_v53/Sasha_v53_020.png,2160,3840,2160,8294400,111.24,8525.009,159.307
laplacian_bottom20,1,Sasha_v25,Sasha_v25/Sasha_v25_001.png,work/frames_raw/Sasha_v25/Sasha_v25_001.png,2160,3840,2160,8294400,0.499,6.366,203.784
laplacian_bottom20,2,Sasha_v59,Sasha_v59/Sasha_v59_002.png,work/frames_raw/Sasha_v59/Sasha_v59_002.png,2160,3840,2160,8294400,0.884,23.899,169.59
laplacian_bottom20,3,Sasha_v59,Sasha_v59/Sasha_v59_012.png,work/frames_raw/Sasha_v59/Sasha_v59_012.png,2160,3840,2160,8294400,0.951,29.232,172.061
laplacian_bottom20,4,Sasha_v59,Sasha_v59/Sasha_v59_003.png,work/frames_raw/Sasha_v59/Sasha_v59_003.png,2160,3840,2160,8294400,1.011,32.123,167.157
laplacian_bottom20,5,Sasha_v59,Sasha_v59/Sasha_v59_023.png,work/frames_raw/Sasha_v59/Sasha_v59_023.png,2160,3840,2160,8294400,1.011,32.808,171.376
laplacian_bottom20,6,Sasha_v59,Sasha_v59/Sasha_v59_006.png,work/frames_raw/Sasha_v59/Sasha_v59_006.png,2160,3840,2160,8294400,1.013,33.866,170.287
laplacian_bottom20,7,Sasha_v59,Sasha_v59/Sasha_v59_008.png,work/frames_raw/Sasha_v59/Sasha_v59_008.png,2160,3840,2160,8294400,1.018,33.112,171.89
laplacian_bottom20,8,Sasha_v59,Sasha_v59/Sasha_v59_025.png,work/frames_raw/Sasha_v59/Sasha_v59_025.png,2160,3840,2160,8294400,1.018,32.555,171.642
laplacian_bottom20,9,Sasha_v59,Sasha_v59/Sasha_v59_004.png,work/frames_raw/Sasha_v59/Sasha_v59_004.png,2160,3840,2160,8294400,1.024,31.775,170.792
laplacian_bottom20,10,Sasha_v70,Sasha_v70/Sasha_v70_001.png,work/frames_raw/Sasha_v70/Sasha_v70_001.png,2160,3840,2160,8294400,1.033,13.285,133.957
laplacian_bottom20,11,Sasha_v59,Sasha_v59/Sasha_v59_013.png,work/frames_raw/Sasha_v59/Sasha_v59_013.png,2160,3840,2160,8294400,1.036,35.371,167.29
laplacian_bottom20,12,Sasha_v59,Sasha_v59/Sasha_v59_020.png,work/frames_raw/Sasha_v59/Sasha_v59_020.png,2160,3840,2160,8294400,1.038,41.601,174.833
laplacian_bottom20,13,Sasha_v59,Sasha_v59/Sasha_v59_005.png,work/frames_raw/Sasha_v59/Sasha_v59_005.png,2160,3840,2160,8294400,1.042,38.113,174.18
laplacian_bottom20,14,Sasha_v59,Sasha_v59/Sasha_v59_009.png,work/frames_raw/Sasha_v59/Sasha_v59_009.png,2160,3840,2160,8294400,1.06,38.959,170.654
laplacian_bottom20,15,Sasha_v59,Sasha_v59/Sasha_v59_018.png,work/frames_raw/Sasha_v59/Sasha_v59_018.png,2160,3840,2160,8294400,1.071,38.345,169.807
laplacian_bottom20,16,Sasha_v59,Sasha_v59/Sasha_v59_022.png,work/frames_raw/Sasha_v59/Sasha_v59_022.png,2160,3840,2160,8294400,1.083,29.931,166.273
laplacian_bottom20,17,Sasha_v59,Sasha_v59/Sasha_v59_024.png,work/frames_raw/Sasha_v59/Sasha_v59_024.png,2160,3840,2160,8294400,1.091,37.961,170.787
laplacian_bottom20,18,Sasha_v59,Sasha_v59/Sasha_v59_028.png,work/frames_raw/Sasha_v59/Sasha_v59_028.png,2160,3840,2160,8294400,1.095,32.138,168.396
laplacian_bottom20,19,Sasha_v48,Sasha_v48/Sasha_v48_004.png,work/frames_raw/Sasha_v48/Sasha_v48_004.png,2160,3840,2160,8294400,1.096,22.972,180.928
laplacian_bottom20,20,Sasha_v59,Sasha_v59/Sasha_v59_001.png,work/frames_raw/Sasha_v59/Sasha_v59_001.png,2160,3840,2160,8294400,1.097,49.497,170.594
brightness_darkest20,1,Sasha_v34,Sasha_v34/Sasha_v34_002.png,work/frames_raw/Sasha_v34/Sasha_v34_002.png,2160,2900,2160,6264000,15.59,988.918,45.409
brightness_darkest20,2,Sasha_v34,Sasha_v34/Sasha_v34_001.png,work/frames_raw/Sasha_v34/Sasha_v34_001.png,2160,2900,2160,6264000,18.366,1156.38,46.679
brightness_darkest20,3,Sasha_v34,Sasha_v34/Sasha_v34_013.png,work/frames_raw/Sasha_v34/Sasha_v34_013.png,2160,2900,2160,6264000,13.455,891.362,47.209
brightness_darkest20,4,Sasha_v34,Sasha_v34/Sasha_v34_014.png,work/frames_raw/Sasha_v34/Sasha_v34_014.png,2160,2900,2160,6264000,15.523,998.14,47.313
brightness_darkest20,5,Sasha_v34,Sasha_v34/Sasha_v34_010.png,work/frames_raw/Sasha_v34/Sasha_v34_010.png,2160,2900,2160,6264000,12.936,767.105,47.426
brightness_darkest20,6,Sasha_v34,Sasha_v34/Sasha_v34_003.png,work/frames_raw/Sasha_v34/Sasha_v34_003.png,2160,2900,2160,6264000,13.872,866.701,47.576
brightness_darkest20,7,Sasha_v34,Sasha_v34/Sasha_v34_011.png,work/frames_raw/Sasha_v34/Sasha_v34_011.png,2160,2900,2160,6264000,12.388,753.733,47.597
brightness_darkest20,8,Sasha_v34,Sasha_v34/Sasha_v34_004.png,work/frames_raw/Sasha_v34/Sasha_v34_004.png,2160,2900,2160,6264000,12.582,803.206,47.61
brightness_darkest20,9,Sasha_v34,Sasha_v34/Sasha_v34_015.png,work/frames_raw/Sasha_v34/Sasha_v34_015.png,2160,2900,2160,6264000,15.166,1030.233,47.635
brightness_darkest20,10,Sasha_v34,Sasha_v34/Sasha_v34_005.png,work/frames_raw/Sasha_v34/Sasha_v34_005.png,2160,2900,2160,6264000,12.096,736.459,47.749
brightness_darkest20,11,Sasha_v34,Sasha_v34/Sasha_v34_009.png,work/frames_raw/Sasha_v34/Sasha_v34_009.png,2160,2900,2160,6264000,11.198,668.295,47.874
brightness_darkest20,12,Sasha_v34,Sasha_v34/Sasha_v34_012.png,work/frames_raw/Sasha_v34/Sasha_v34_012.png,2160,2900,2160,6264000,15.531,962.006,48.46
brightness_darkest20,13,Sasha_v34,Sasha_v34/Sasha_v34_008.png,work/frames_raw/Sasha_v34/Sasha_v34_008.png,2160,2900,2160,6264000,13.24,841.938,48.842
brightness_darkest20,14,Sasha_v34,Sasha_v34/Sasha_v34_007.png,work/frames_raw/Sasha_v34/Sasha_v34_007.png,2160,2900,2160,6264000,14.762,909.957,49.894
brightness_darkest20,15,Sasha_v34,Sasha_v34/Sasha_v34_006.png,work/frames_raw/Sasha_v34/Sasha_v34_006.png,2160,2900,2160,6264000,10.246,598.79,51.559
brightness_darkest20,16,Sasha_v71,Sasha_v71/Sasha_v71_006.png,work/frames_raw/Sasha_v71/Sasha_v71_006.png,2160,3840,2160,8294400,1.955,94.874,86.702
brightness_darkest20,17,Sasha_v71,Sasha_v71/Sasha_v71_008.png,work/frames_raw/Sasha_v71/Sasha_v71_008.png,2160,3840,2160,8294400,1.945,92.598,88.865
brightness_darkest20,18,Sasha_v71,Sasha_v71/Sasha_v71_011.png,work/frames_raw/Sasha_v71/Sasha_v71_011.png,2160,3840,2160,8294400,1.94,89.543,89.075
brightness_darkest20,19,Sasha_v71,Sasha_v71/Sasha_v71_010.png,work/frames_raw/Sasha_v71/Sasha_v71_010.png,2160,3840,2160,8294400,1.912,83.722,89.189
brightness_darkest20,20,Sasha_v71,Sasha_v71/Sasha_v71_007.png,work/frames_raw/Sasha_v71/Sasha_v71_007.png,2160,3840,2160,8294400,1.986,99.522,89.243
brightness_brightest20,1,Sasha_v25,Sasha_v25/Sasha_v25_001.png,work/frames_raw/Sasha_v25/Sasha_v25_001.png,2160,3840,2160,8294400,0.499,6.366,203.784
brightness_brightest20,2,Sasha_v48,Sasha_v48/Sasha_v48_004.png,work/frames_raw/Sasha_v48/Sasha_v48_004.png,2160,3840,2160,8294400,1.096,22.972,180.928
brightness_brightest20,3,Sasha_v25,Sasha_v25/Sasha_v25_004.png,work/frames_raw/Sasha_v25/Sasha_v25_004.png,2160,3840,2160,8294400,1.469,65.795,180.854
brightness_brightest20,4,Sasha_v25,Sasha_v25/Sasha_v25_003.png,work/frames_raw/Sasha_v25/Sasha_v25_003.png,2160,3840,2160,8294400,1.202,38.747,180.697
brightness_brightest20,5,Sasha_v25,Sasha_v25/Sasha_v25_022.png,work/frames_raw/Sasha_v25/Sasha_v25_022.png,2160,3840,2160,8294400,1.498,61.122,179.659
brightness_brightest20,6,Sasha_v25,Sasha_v25/Sasha_v25_017.png,work/frames_raw/Sasha_v25/Sasha_v25_017.png,2160,3840,2160,8294400,1.358,51.665,179.309
brightness_brightest20,7,Sasha_v25,Sasha_v25/Sasha_v25_020.png,work/frames_raw/Sasha_v25/Sasha_v25_020.png,2160,3840,2160,8294400,1.348,50.719,178.563
brightness_brightest20,8,Sasha_v25,Sasha_v25/Sasha_v25_002.png,work/frames_raw/Sasha_v25/Sasha_v25_002.png,2160,3840,2160,8294400,1.257,51.955,178.204
brightness_brightest20,9,Sasha_v25,Sasha_v25/Sasha_v25_008.png,work/frames_raw/Sasha_v25/Sasha_v25_008.png,2160,3840,2160,8294400,1.475,60.754,178.114
brightness_brightest20,10,Sasha_v25,Sasha_v25/Sasha_v25_014.png,work/frames_raw/Sasha_v25/Sasha_v25_014.png,2160,3840,2160,8294400,1.482,72.274,178.042
brightness_brightest20,11,Sasha_v25,Sasha_v25/Sasha_v25_018.png,work/frames_raw/Sasha_v25/Sasha_v25_018.png,2160,3840,2160,8294400,1.439,57.083,177.841
brightness_brightest20,12,Sasha_v25,Sasha_v25/Sasha_v25_006.png,work/frames_raw/Sasha_v25/Sasha_v25_006.png,2160,3840,2160,8294400,1.659,90.815,177.645
brightness_brightest20,13,Sasha_v25,Sasha_v25/Sasha_v25_010.png,work/frames_raw/Sasha_v25/Sasha_v25_010.png,2160,3840,2160,8294400,1.528,68.276,177.535
brightness_brightest20,14,Sasha_v25,Sasha_v25/Sasha_v25_024.png,work/frames_raw/Sasha_v25/Sasha_v25_024.png,2160,3840,2160,8294400,1.493,57.465,177.498
brightness_brightest20,15,Sasha_v25,Sasha_v25/Sasha_v25_009.png,work/frames_raw/Sasha_v25/Sasha_v25_009.png,2160,3840,2160,8294400,1.614,74.127,177.415
brightness_brightest20,16,Sasha_v25,Sasha_v25/Sasha_v25_019.png,work/frames_raw/Sasha_v25/Sasha_v25_019.png,2160,3840,2160,8294400,1.416,59.5,177.413
brightness_brightest20,17,Sasha_v25,Sasha_v25/Sasha_v25_015.png,work/frames_raw/Sasha_v25/Sasha_v25_015.png,2160,3840,2160,8294400,1.692,82.438,177.002
brightness_brightest20,18,Sasha_v25,Sasha_v25/Sasha_v25_023.png,work/frames_raw/Sasha_v25/Sasha_v25_023.png,2160,3840,2160,8294400,1.688,85.013,176.888
brightness_brightest20,19,Sasha_v25,Sasha_v25/Sasha_v25_007.png,work/frames_raw/Sasha_v25/Sasha_v25_007.png,2160,3840,2160,8294400,1.638,80.491,176.873
brightness_brightest20,20,Sasha_v25,Sasha_v25/Sasha_v25_005.png,work/frames_raw/Sasha_v25/Sasha_v25_005.png,2160,3840,2160,8294400,1.596,76.493,176.763
smallest_resolution20,1,Sasha_v19,Sasha_v19/Sasha_v19_001.png,work/frames_raw/Sasha_v19/Sasha_v19_001.png,2160,2896,2160,6255360,4.759,1000.536,134.494
smallest_resolution20,2,Sasha_v19,Sasha_v19/Sasha_v19_002.png,work/frames_raw/Sasha_v19/Sasha_v19_002.png,2160,2896,2160,6255360,5.932,1118.877,130.756
smallest_resolution20,3,Sasha_v19,Sasha_v19/Sasha_v19_003.png,work/frames_raw/Sasha_v19/Sasha_v19_003.png,2160,2896,2160,6255360,4.896,854.326,132.205
smallest_resolution20,4,Sasha_v19,Sasha_v19/Sasha_v19_004.png,work/frames_raw/Sasha_v19/Sasha_v19_004.png,2160,2896,2160,6255360,4.643,904.037,132.062
smallest_resolution20,5,Sasha_v19,Sasha_v19/Sasha_v19_005.png,work/frames_raw/Sasha_v19/Sasha_v19_005.png,2160,2896,2160,6255360,6.488,1176.822,132.926
smallest_resolution20,6,Sasha_v19,Sasha_v19/Sasha_v19_006.png,work/frames_raw/Sasha_v19/Sasha_v19_006.png,2160,2896,2160,6255360,4.287,919.536,130.279
smallest_resolution20,7,Sasha_v19,Sasha_v19/Sasha_v19_007.png,work/frames_raw/Sasha_v19/Sasha_v19_007.png,2160,2896,2160,6255360,4.402,843.278,129.586
smallest_resolution20,8,Sasha_v19,Sasha_v19/Sasha_v19_008.png,work/frames_raw/Sasha_v19/Sasha_v19_008.png,2160,2896,2160,6255360,5.481,1195.069,128.87
smallest_resolution20,9,Sasha_v19,Sasha_v19/Sasha_v19_009.png,work/frames_raw/Sasha_v19/Sasha_v19_009.png,2160,2896,2160,6255360,5.234,978.835,130.264
smallest_resolution20,10,Sasha_v19,Sasha_v19/Sasha_v19_010.png,work/frames_raw/Sasha_v19/Sasha_v19_010.png,2160,2896,2160,6255360,4.941,898.21,128.0
smallest_resolution20,11,Sasha_v19,Sasha_v19/Sasha_v19_011.png,work/frames_raw/Sasha_v19/Sasha_v19_011.png,2160,2896,2160,6255360,7.07,1142.201,128.187
smallest_resolution20,12,Sasha_v19,Sasha_v19/Sasha_v19_012.png,work/frames_raw/Sasha_v19/Sasha_v19_012.png,2160,2896,2160,6255360,5.482,961.705,126.558
smallest_resolution20,13,Sasha_v19,Sasha_v19/Sasha_v19_013.png,work/frames_raw/Sasha_v19/Sasha_v19_013.png,2160,2896,2160,6255360,4.407,855.334,130.305
smallest_resolution20,14,Sasha_v19,Sasha_v19/Sasha_v19_014.png,work/frames_raw/Sasha_v19/Sasha_v19_014.png,2160,2896,2160,6255360,3.778,804.687,128.573
smallest_resolution20,15,Sasha_v19,Sasha_v19/Sasha_v19_015.png,work/frames_raw/Sasha_v19/Sasha_v19_015.png,2160,2896,2160,6255360,6.142,1284.872,133.029
smallest_resolution20,16,Sasha_v19,Sasha_v19/Sasha_v19_016.png,work/frames_raw/Sasha_v19/Sasha_v19_016.png,2160,2896,2160,6255360,5.265,1082.417,127.752
smallest_resolution20,17,Sasha_v19,Sasha_v19/Sasha_v19_017.png,work/frames_raw/Sasha_v19/Sasha_v19_017.png,2160,2896,2160,6255360,6.244,1161.316,129.798
smallest_resolution20,18,Sasha_v19,Sasha_v19/Sasha_v19_018.png,work/frames_raw/Sasha_v19/Sasha_v19_018.png,2160,2896,2160,6255360,6.934,1409.686,129.218
smallest_resolution20,19,Sasha_v19,Sasha_v19/Sasha_v19_019.png,work/frames_raw/Sasha_v19/Sasha_v19_019.png,2160,2896,2160,6255360,4.341,867.567,132.649
smallest_resolution20,20,Sasha_v19,Sasha_v19/Sasha_v19_020.png,work/frames_raw/Sasha_v19/Sasha_v19_020.png,2160,2896,2160,6255360,3.737,780.546,133.728
