frame_id,filename,video_id,dataset_generation_id,image_sha256,current_yaw,current_pitch,current_roll,current_pose_bin,alternative_yaw,alternative_pitch,alternative_roll,alternative_pose_bin,estimator_status,association_iou,detected_face_count,current_pose_status
Sasha_v23/Sasha_v23_001.png,Sasha_v23/Sasha_v23_001.png,Sasha_v23,bd72f194f62260fb728b77b26c75c5491b178908bff53393e197c11137bf9a40,8d189f91cdfbb280fe60fd325a5f5bc8a4888e2060de851791df8694c7b147b2,-0.8924490419025111,-81.47005902642142,-24.144534812590955,FRONTAL,-50.178443908691406,22.464284896850586,-26.181455612182617,PROFILE_LEFT,MEASURED_SIGN_CONVENTION_UNVALIDATED,0.5042586030890737,1,MEASURED
Sasha_v53/Sasha_v53_007.png,Sasha_v53/Sasha_v53_007.png,Sasha_v53,bd72f194f62260fb728b77b26c75c5491b178908bff53393e197c11137bf9a40,94524fe8e4e106b04de6203b28ff220403e6cc5ef042ddbe65bffce0c5a7e911,-12.411481293235259,-9.325718201158821,-8.10818202391143,FRONTAL,12.605903625488281,2.050609588623047,-4.831662654876709,FRONTAL,MEASURED_SIGN_CONVENTION_UNVALIDATED,0.6742435603836515,1,MEASURED
Sash_high_identity-img/スクリーンショット 2026-09-30 105704.png,Sash_high_identity-img/スクリーンショット 2026-09-30 105704.png,,b09674fe16b281285380bd5ae7c3d3585b2f787347d7672c74dd053bbbc968c4,049d74a0967de03b00b4962c072c78fe213dfb707f06c29ccaa9b434081a00c7,-1.8626828516362517,-48.56401650366763,-2.5919563042282143,FRONTAL,4.921435832977295,-6.959348678588867,-0.27486926317214966,FRONTAL,MEASURED_SIGN_CONVENTION_UNVALIDATED,0.729264558751374,1,MEASURED
Sash_high_identity-img/スクリーンショット 2026-09-30 105728.png,Sash_high_identity-img/スクリーンショット 2026-09-30 105728.png,,b09674fe16b281285380bd5ae7c3d3585b2f787347d7672c74dd053bbbc968c4,90f9728e27c63cb400814958a792456cc85a50949473cc5a0b9c5630608d743b,-0.8493050137612393,-47.84232034630756,-3.3158986860717645,FRONTAL,4.961580276489258,-6.837562561035156,-0.13752441108226776,FRONTAL,MEASURED_SIGN_CONVENTION_UNVALIDATED,0.6962083874716486,1,MEASURED
Sash_high_identity-img/スクリーンショット 2026-09-30 105945.png,Sash_high_identity-img/スクリーンショット 2026-09-30 105945.png,,b09674fe16b281285380bd5ae7c3d3585b2f787347d7672c74dd053bbbc968c4,1cb1bd26a0b52d41017659f7c3be69469be5b3f0a01aeec689bee81e6b04d0db,-0.6227216676843342,-38.716797590914695,3.742971104433694,FRONTAL,-1.392951250076294,-7.6023335456848145,4.703750133514404,FRONTAL,MEASURED_SIGN_CONVENTION_UNVALIDATED,0.6988340750254306,1,MEASURED
Sash_high_identity-img/スクリーンショット 2026-09-30 105042.png,Sash_high_identity-img/スクリーンショット 2026-09-30 105042.png,,b09674fe16b281285380bd5ae7c3d3585b2f787347d7672c74dd053bbbc968c4,b00b7424e495a3008ed527dad58967eb5ec58d47c7126c9388c29d4821b1a608,-20.11554228877232,-31.085284348298103,-6.351902864847842,THREE_QUARTER_LEFT,21.37569236755371,-11.513108253479004,2.228518009185791,THREE_QUARTER_RIGHT,MEASURED_SIGN_CONVENTION_UNVALIDATED,0.6739653566727372,1,MEASURED
Sash_high_identity-img/652794808_18008722232838431_6335316425841053458_n.jpg,Sash_high_identity-img/652794808_18008722232838431_6335316425841053458_n.jpg,,b09674fe16b281285380bd5ae7c3d3585b2f787347d7672c74dd053bbbc968c4,7e79954866df79ee93eb2603785c36d6dc37308bb7965c8f72d004fc1da683f1,-15.33926666643831,-14.914586434183377,-4.569313041635372,THREE_QUARTER_LEFT,10.549427032470703,-7.3591742515563965,-1.798543930053711,FRONTAL,MEASURED_SIGN_CONVENTION_UNVALIDATED,0.7024759016759644,1,MEASURED
Sash_high_identity-img/スクリーンショット 2026-09-30 105148.png,Sash_high_identity-img/スクリーンショット 2026-09-30 105148.png,,b09674fe16b281285380bd5ae7c3d3585b2f787347d7672c74dd053bbbc968c4,42d1c0835c99d8c65838be3837379c1b787341efd5be8282aa94540a17ba85a5,-24.182253220958525,-39.06886907330227,-12.210254839885168,THREE_QUARTER_LEFT,29.392240524291992,-10.802845001220703,0.6758865118026733,THREE_QUARTER_RIGHT,MEASURED_SIGN_CONVENTION_UNVALIDATED,0.628831507971912,1,MEASURED
Sash_high_identity-img/スクリーンショット 2026-09-30 105443.png,Sash_high_identity-img/スクリーンショット 2026-09-30 105443.png,,b09674fe16b281285380bd5ae7c3d3585b2f787347d7672c74dd053bbbc968c4,9f4b634a607a78ba43ccadab3bd406113bae311413d986245238c4d14bf6902c,-32.48216005027912,-50.195024737444186,-1.855228460731333,THREE_QUARTER_LEFT,17.806100845336914,-4.391885757446289,16.588199615478516,THREE_QUARTER_RIGHT,MEASURED_SIGN_CONVENTION_UNVALIDATED,0.6826059601127131,1,MEASURED
Sash_high_identity-img/スクリーンショット 2026-09-30 110439.png,Sash_high_identity-img/スクリーンショット 2026-09-30 110439.png,,b09674fe16b281285380bd5ae7c3d3585b2f787347d7672c74dd053bbbc968c4,16bb9d481f23ed13e9e856fbe29858cf11db3a1f314dcac577aed1066e270119,-29.898298766816414,-21.648008800375663,-1.208324881892809,THREE_QUARTER_LEFT,32.73685836791992,-0.4462490975856781,12.16451358795166,THREE_QUARTER_RIGHT,MEASURED_SIGN_CONVENTION_UNVALIDATED,0.6248190267804664,1,MEASURED
Sash_high_identity-img/スクリーンショット 2026-09-30 111838.png,Sash_high_identity-img/スクリーンショット 2026-09-30 111838.png,,b09674fe16b281285380bd5ae7c3d3585b2f787347d7672c74dd053bbbc968c4,8ad01e4df7a74e7d3c853f1976fff086c8607af47f79d8bf0c4212b7f367932a,28.747247175847306,-39.381925593038915,16.204331701251785,THREE_QUARTER_RIGHT,-19.118051528930664,-0.8204010128974915,-5.064550876617432,THREE_QUARTER_LEFT,MEASURED_SIGN_CONVENTION_UNVALIDATED,0.5848089767778241,1,MEASURED
Sash_high_identity-img/スクリーンショット 2026-09-30 110644.png,Sash_high_identity-img/スクリーンショット 2026-09-30 110644.png,,b09674fe16b281285380bd5ae7c3d3585b2f787347d7672c74dd053bbbc968c4,c4ddd636159cacc32e7d0fab42fd6069d8c5aba60b930399c5f2d3ea49bf2e5e,36.16254845896568,27.45072631014702,159.12421445089777,THREE_QUARTER_RIGHT,-22.203645706176758,-4.47843074798584,-6.987982273101807,THREE_QUARTER_LEFT,MEASURED_SIGN_CONVENTION_UNVALIDATED,0.6875928039742555,1,MEASURED
Sash_high_identity-img/スクリーンショット 2026-09-30 111038.png,Sash_high_identity-img/スクリーンショット 2026-09-30 111038.png,,b09674fe16b281285380bd5ae7c3d3585b2f787347d7672c74dd053bbbc968c4,82329e6ebf99d44898b69126cd292a9b8a604eaf6df70247fdbbea04ecb551c8,20.210498727619445,-25.469710986814505,-4.90931430004715,THREE_QUARTER_RIGHT,-17.379159927368164,-9.985719680786133,-11.263772010803223,THREE_QUARTER_LEFT,MEASURED_SIGN_CONVENTION_UNVALIDATED,0.7316568478094898,1,MEASURED
Sash_high_identity-img/スクリーンショット 2026-09-30 112018.png,Sash_high_identity-img/スクリーンショット 2026-09-30 112018.png,,b09674fe16b281285380bd5ae7c3d3585b2f787347d7672c74dd053bbbc968c4,ce96ca9f1169a10beac00bc5e098f956629374b3d62bd63f6d3fbfd03de1b6fe,26.69375367276806,27.79553389423296,155.94584253212534,THREE_QUARTER_RIGHT,-24.48965072631836,-4.105734348297119,-8.598401069641113,THREE_QUARTER_LEFT,MEASURED_SIGN_CONVENTION_UNVALIDATED,0.7470318336682418,1,MEASURED
Sash_high_identity-img/スクリーンショット 2026-09-30 110609.png,Sash_high_identity-img/スクリーンショット 2026-09-30 110609.png,,b09674fe16b281285380bd5ae7c3d3585b2f787347d7672c74dd053bbbc968c4,a0187e624e4d50d20edcb5cd1acc1e6c644a896dae14b98fdc748d2daa502645,19.979423226019524,-9.752197297056966,-3.891845141335274,THREE_QUARTER_RIGHT,-28.5452938079834,4.1770920753479,-8.125842094421387,THREE_QUARTER_LEFT,MEASURED_SIGN_CONVENTION_UNVALIDATED,0.7083004507052152,1,MEASURED
Sash_high_identity-img/スクリーンショット 2026-09-30 110146.png,Sash_high_identity-img/スクリーンショット 2026-09-30 110146.png,,b09674fe16b281285380bd5ae7c3d3585b2f787347d7672c74dd053bbbc968c4,8fc91b287245c84dacf198e8926168a23dafec8e757c6fb4d124a44895af10fb,-47.91019916824187,-27.31487350987564,-18.330393541515328,PROFILE_LEFT,29.95980453491211,-4.886956691741943,-2.285475015640259,THREE_QUARTER_RIGHT,MEASURED_SIGN_CONVENTION_UNVALIDATED,0.6703637081227318,1,MEASURED
Sash_high_identity-img/スクリーンショット 2026-09-30 110056.png,Sash_high_identity-img/スクリーンショット 2026-09-30 110056.png,,b09674fe16b281285380bd5ae7c3d3585b2f787347d7672c74dd053bbbc968c4,860c29b3669de73f5dd4c370b3fc068de4a68c99d64d343dca4f27cac079addf,-50.50887211478662,-68.21699392557602,-33.30921912218028,PROFILE_LEFT,64.57456970214844,-34.00849533081055,0.14820674061775208,PROFILE_RIGHT,MEASURED_SIGN_CONVENTION_UNVALIDATED,0.5790057900944535,1,MEASURED
Sasha_v08/Sasha_v08_004.png,Sasha_v08/Sasha_v08_004.png,Sasha_v08,bd72f194f62260fb728b77b26c75c5491b178908bff53393e197c11137bf9a40,70fcac71103a56d33d5c1b36f4234a5ba8c70ae899ceb7026e7cc5e62b6f80dd,-42.61956071668261,1.5416215532589774,9.472495753134796,PROFILE_LEFT,40.720672607421875,26.44955062866211,34.73237228393555,THREE_QUARTER_RIGHT,MEASURED_SIGN_CONVENTION_UNVALIDATED,0.7343860868375588,1,MEASURED
Sasha_v34/Sasha_v34_014.png,Sasha_v34/Sasha_v34_014.png,Sasha_v34,bd72f194f62260fb728b77b26c75c5491b178908bff53393e197c11137bf9a40,366dc40f0acaf3f885919eec3ee3ce3362862e5d10c92aeab0da46f98766b4e2,-43.026432942327176,11.303813172696465,-165.01625119960656,PROFILE_LEFT,35.0278205871582,0.33814194798469543,10.773756980895996,THREE_QUARTER_RIGHT,MEASURED_SIGN_CONVENTION_UNVALIDATED,0.7168419140690512,1,MEASURED
Sasha_v56/Sasha_v56_008.png,Sasha_v56/Sasha_v56_008.png,Sasha_v56,bd72f194f62260fb728b77b26c75c5491b178908bff53393e197c11137bf9a40,e7459275ecb7de94ab9302321b03ff7d0f06a28623ce07ac7dac4002dada59f8,-44.61546455473852,-3.946794500713054,7.7678679355902664,PROFILE_LEFT,4.380815029144287,-1.249255657196045,4.107147693634033,FRONTAL,MEASURED_SIGN_CONVENTION_UNVALIDATED,0.6672917369500962,1,MEASURED
Sash_high_identity-img/スクリーンショット 2026-09-30 110631.png,Sash_high_identity-img/スクリーンショット 2026-09-30 110631.png,,b09674fe16b281285380bd5ae7c3d3585b2f787347d7672c74dd053bbbc968c4,6ffe9d03f9da2515801fad6dfb9f8cf045d65c4b9afff09930e42745a586d558,70.39510671948914,1.05114696828565,-174.83430377136415,PROFILE_RIGHT,-69.9586181640625,-24.816131591796875,18.81391716003418,PROFILE_LEFT,MEASURED_SIGN_CONVENTION_UNVALIDATED,0.5002927609474177,1,MEASURED
Sasha_v04/Sasha_v04_002.png,Sasha_v04/Sasha_v04_002.png,Sasha_v04,bd72f194f62260fb728b77b26c75c5491b178908bff53393e197c11137bf9a40,1374adb013d46237a14eb7793443362b9acbac7a4e246f03b5414d7aeef31db4,61.5889458212147,23.401072263347316,-8.449856310353338,PROFILE_RIGHT,-42.44511795043945,-7.010404109954834,11.646520614624023,PROFILE_LEFT,MEASURED_SIGN_CONVENTION_UNVALIDATED,0.6237215846492611,1,MEASURED
Sasha_v05/Sasha_v05_031.png,Sasha_v05/Sasha_v05_031.png,Sasha_v05,bd72f194f62260fb728b77b26c75c5491b178908bff53393e197c11137bf9a40,99a74ec9707cdcbe2194f60514f3e4a6f09ac5278ed07ed9324d965defec5072,44.82545407470209,7.48535775699753,161.93169035519983,PROFILE_RIGHT,-18.7565860748291,-4.9029412269592285,-11.530877113342285,THREE_QUARTER_LEFT,MEASURED_SIGN_CONVENTION_UNVALIDATED,0.7271605092172418,1,MEASURED
Sasha_v55/Sasha_v55_021.png,Sasha_v55/Sasha_v55_021.png,Sasha_v55,bd72f194f62260fb728b77b26c75c5491b178908bff53393e197c11137bf9a40,9315d1c907fb12c696a2e9acd30daedde34d236c9ef6802517e12583d053da6f,42.981952727151395,-8.972719593745609,-11.31487216820004,PROFILE_RIGHT,-20.31581687927246,4.100458145141602,-9.912322998046875,THREE_QUARTER_LEFT,MEASURED_SIGN_CONVENTION_UNVALIDATED,0.7425170943554079,1,MEASURED
Sasha_v35/Sasha_v35_029.png,Sasha_v35/Sasha_v35_029.png,Sasha_v35,bd72f194f62260fb728b77b26c75c5491b178908bff53393e197c11137bf9a40,cde54f6d9ddd80ae127737549ced47ac612d2b44470710b01912e9c7b4eb297c,62.96986594282886,68.32609230114954,168.98095448660135,PROFILE_RIGHT,-61.28511047363281,15.289962768554688,30.016950607299805,PROFILE_LEFT,MEASURED_SIGN_CONVENTION_UNVALIDATED,0.6610749466764754,1,MEASURED
