video_id,frame_count,eligible_count,eligible_ratio,rejected_count,analysis_error_count,no_face_count,face_detected_count,single_face_count,multiple_faces_count,facemesh_detected_count,blink_suspected_count,mouth_open_count,mouth_very_open_count,beauty_fullbody_skipped_count,reason_analysis_error_count,reason_beauty_filter_detected_count,reason_eligible_count,reason_face_backlit_underexposed_count,reason_face_blurry_count,reason_face_too_small_count,reason_face_underexposed_count,reason_global_blurry_count,reason_hair_covered_face_count,reason_low_resolution_source_count,reason_low_visibility_count,reason_multiple_faces_count,reason_no_face_count,reason_one_eye_occluded_count,median_face_laplacian_score,median_face_tenengrad_score,median_eye_sharpness,median_skin_texture_score,median_plasticity_ratio
Sasha_v01,19,0,0.0,19,0,0,19,19,0,19,0,1,0,19,0,0,0,0,19,0,0,19,0,0,0,0,0,0,4.086,163.093,0.0,0.01,0.0
Sasha_v03,120,0,0.0,120,0,14,106,105,1,103,0,9,6,10,0,85,0,0,106,0,0,118,0,0,7,1,14,83,4.4735,167.5395,0.0,0.021,0.0
Sasha_v04,23,0,0.0,23,0,0,23,23,0,22,0,4,3,23,0,0,0,2,23,0,20,23,0,0,2,0,0,0,5.234,177.812,1.312,0.04,36.85
Sasha_v05,32,0,0.0,32,0,0,32,32,0,31,0,9,1,21,0,7,0,0,32,0,1,7,0,0,1,0,0,7,7.0845,497.9355,0.0,0.032,0.0
Sasha_v06,19,0,0.0,19,0,2,17,17,0,16,0,4,4,1,0,12,0,0,17,0,0,19,0,0,1,0,2,15,3.482,138.75,0.0,0.022,0.0
Sasha_v07,22,0,0.0,22,0,0,22,22,0,22,0,9,8,1,0,21,0,0,22,0,0,22,0,0,0,0,0,4,4.06,173.4205,0.6545,0.0115,49.4
Sasha_v08,20,0,0.0,20,0,5,15,15,0,11,0,10,0,0,0,5,0,0,15,0,0,19,0,0,4,0,5,11,8.474,506.193,0.0,0.053,0.0
Sasha_v09,30,0,0.0,30,0,0,30,30,0,30,0,5,1,16,0,10,0,0,30,0,0,30,0,0,1,0,0,4,5.3595,305.183,0.7315,0.03,23.6
Sasha_v10,26,0,0.0,26,0,0,26,26,0,26,0,4,2,0,0,26,0,0,26,0,0,26,0,0,0,0,0,22,2.773,119.8855,0.0,0.01,0.0
Sasha_v11,28,0,0.0,28,0,6,22,22,0,22,0,3,2,2,0,16,0,0,22,0,0,28,0,0,0,0,6,14,5.663,262.952,0.0,0.0275,0.0
Sasha_v12,24,0,0.0,24,0,0,24,24,0,24,0,0,1,0,0,19,0,0,24,0,0,24,0,0,0,0,0,20,5.383,218.2095,0.0,0.019,0.0
Sasha_v13,26,0,0.0,26,0,0,26,26,0,26,0,3,0,0,0,26,0,0,26,0,0,26,0,0,0,0,0,6,4.2345,148.8665,0.582,0.017,34.5
Sasha_v14,29,0,0.0,29,0,0,29,29,0,29,0,1,1,1,0,28,0,0,29,0,0,29,0,0,0,0,0,16,4.617,183.483,0.0,0.019,0.0
Sasha_v15,24,0,0.0,24,0,0,24,24,0,24,0,8,6,0,0,21,0,0,24,0,0,24,0,0,0,0,0,20,4.957,226.6655,0.0,0.0175,0.0
Sasha_v16,30,0,0.0,30,0,0,30,30,0,30,0,1,1,0,0,29,0,0,30,0,0,30,0,0,0,0,0,22,4.5445,264.884,0.0,0.0175,0.0
Sasha_v17,26,0,0.0,26,0,1,25,25,0,25,0,5,1,4,0,20,0,0,25,0,0,26,0,0,0,0,1,8,4.432,172.054,0.699,0.02,29.2
Sasha_v19,30,0,0.0,30,0,0,30,30,0,30,0,15,0,30,0,0,0,0,30,0,0,30,0,0,0,0,0,0,6.2755,455.8395,0.0,0.023,0.0
Sasha_v20,20,0,0.0,20,0,0,20,20,0,20,0,7,4,6,0,13,0,0,20,0,2,20,0,0,1,0,0,13,4.2135,164.699,0.0,0.023,0.0
Sasha_v21,29,0,0.0,29,0,5,24,24,0,23,0,3,1,23,0,0,0,0,24,0,0,29,0,0,1,0,5,1,4.801,180.3905,0.0,0.024,0.0
Sasha_v22,37,0,0.0,37,0,0,37,37,0,37,0,15,5,0,0,35,0,0,37,0,0,37,0,0,0,0,0,12,4.764,234.203,0.747,0.014,37.6
Sasha_v23,20,0,0.0,20,0,0,20,20,0,13,0,6,1,13,0,4,0,0,20,0,0,0,0,0,7,0,0,6,18.141,1260.42,0.0,0.061,0.0
Sasha_v24,28,0,0.0,28,0,0,28,28,0,28,0,4,4,0,0,28,0,0,28,0,0,28,0,0,0,0,0,8,4.5475,289.4075,0.832,0.0125,66.0
Sasha_v25,29,0,0.0,29,0,1,28,28,0,28,0,7,2,23,0,4,0,14,28,0,2,29,0,0,0,0,1,1,5.7685,303.441,0.6025,0.042,24.05
Sasha_v26,24,0,0.0,24,0,0,24,24,0,24,0,3,1,24,0,0,0,0,24,0,0,24,0,0,0,0,0,0,5.372,286.425,0.0,0.021,0.0
Sasha_v27,26,0,0.0,26,0,0,26,26,0,26,0,1,0,0,0,26,0,0,26,0,0,26,0,0,0,0,0,22,3.718,134.636,0.0,0.0105,0.0
Sasha_v28,29,0,0.0,29,0,0,29,29,0,28,1,1,1,1,0,26,0,0,29,0,0,29,0,0,2,0,0,10,3.306,121.047,0.603,0.0215,23.8
Sasha_v29,22,0,0.0,22,0,0,22,22,0,14,0,5,1,10,0,12,0,0,22,0,0,22,0,0,8,0,0,12,2.9175,114.6835,0.0,0.009,0.0
Sasha_v30,27,0,0.0,27,0,1,26,26,0,23,0,4,3,7,0,19,0,0,26,0,0,27,0,0,3,0,1,7,4.2205,168.649,0.449,0.023,22.5
Sasha_v31,29,0,0.0,29,0,0,29,29,0,29,0,11,3,0,0,28,0,0,29,0,0,29,0,0,1,0,0,17,3.832,147.225,0.0,0.014,0.0
Sasha_v32,21,0,0.0,21,0,0,21,21,0,21,0,1,0,21,0,0,0,0,21,0,0,21,0,0,0,0,0,0,5.905,331.244,1.119,0.04,26.1
Sasha_v33,33,0,0.0,33,0,0,33,33,0,33,0,12,0,0,0,0,0,0,33,0,0,25,0,0,0,0,0,0,7.785,463.918,0.964,0.101,9.2
Sasha_v34,15,0,0.0,15,0,0,15,15,0,15,0,3,0,0,0,13,0,0,15,0,2,15,0,0,0,0,0,15,6.68,377.928,0.0,0.027,0.0
Sasha_v35,30,0,0.0,30,0,0,30,30,0,30,0,14,3,7,0,20,0,0,30,0,0,30,0,0,1,0,0,22,5.66,268.209,0.0,0.0225,0.0
Sasha_v36,39,0,0.0,39,0,0,39,39,0,34,0,3,2,8,0,31,0,0,39,0,0,39,0,0,5,0,0,22,3.531,100.895,0.0,0.017,0.0
Sasha_v37,18,0,0.0,18,0,0,18,18,0,18,0,1,0,11,0,3,0,0,18,0,0,18,0,0,0,0,0,7,8.2405,542.6765,0.0,0.031,0.0
Sasha_v38,27,0,0.0,27,0,0,27,27,0,27,0,6,2,0,0,27,0,0,27,0,2,27,0,0,0,0,0,5,3.523,119.709,0.724,0.018,37.5
Sasha_v39,39,0,0.0,39,0,5,34,34,0,31,0,1,0,9,0,22,0,3,34,0,0,39,0,0,3,0,5,5,4.18,145.0455,0.8,0.028,27.4
Sasha_v40,30,0,0.0,30,0,0,30,30,0,24,0,5,0,30,0,0,0,0,30,0,2,30,0,0,8,0,0,0,6.162,266.0005,0.0,0.046,0.0
Sasha_v41,19,0,0.0,19,0,0,19,19,0,19,0,3,0,0,0,19,0,0,19,0,0,19,0,0,0,0,0,16,4.18,230.663,0.0,0.016,0.0
Sasha_v42,20,0,0.0,20,0,1,19,19,0,17,0,4,0,9,0,9,0,0,19,0,0,20,0,0,2,0,1,8,6.546,479.02,0.0,0.031,0.0
Sasha_v44,22,0,0.0,22,0,0,22,22,0,22,0,3,2,19,0,2,0,0,22,0,0,22,0,0,0,0,0,3,8.286,457.296,0.0,0.0445,0.0
Sasha_v45,23,0,0.0,23,0,0,23,23,0,22,0,7,0,18,0,5,0,0,23,0,0,23,0,0,1,0,0,4,6.031,374.974,0.0,0.018,0.0
Sasha_v46,30,0,0.0,30,0,0,30,30,0,21,0,14,2,24,0,6,0,0,30,0,0,30,0,0,9,0,0,2,7.6965,466.4285,0.0,0.03,0.0
Sasha_v47,30,0,0.0,30,0,0,30,30,0,30,0,1,0,10,0,20,0,0,30,0,0,30,0,0,1,0,0,3,3.9755,155.421,0.692,0.015,47.35
Sasha_v48,23,0,0.0,23,0,1,22,22,0,22,0,1,0,18,0,4,0,0,22,0,0,23,0,0,2,0,1,4,6.5105,330.6015,0.0,0.028,0.0
Sasha_v49,30,0,0.0,30,0,0,30,30,0,30,0,8,2,10,0,18,0,0,30,0,0,30,0,0,0,0,0,5,5.9775,295.2365,0.7765,0.0205,35.9
Sasha_v50,30,0,0.0,30,0,0,30,30,0,24,0,7,0,30,0,0,0,0,30,0,0,30,0,0,8,0,0,0,9.871,510.458,1.4085,0.0955,12.15
Sasha_v51,21,0,0.0,21,0,0,21,21,0,21,0,4,1,3,0,10,0,0,21,0,0,21,0,0,0,0,0,5,5.467,256.201,0.765,0.035,20.0
Sasha_v52,57,0,0.0,57,0,0,57,57,0,57,0,3,0,40,0,17,0,0,57,0,0,57,0,0,0,0,0,9,4.389,145.033,0.782,0.018,37.6
Sasha_v53,30,1,0.033333,29,0,0,30,30,0,30,0,3,0,8,0,7,1,0,29,0,0,0,0,0,0,0,0,6,12.617,836.0465,1.157,0.0405,21.5
Sasha_v54,29,0,0.0,29,0,5,24,24,0,5,0,0,1,21,0,3,0,0,24,0,0,29,0,0,20,0,5,3,10.668,679.495,0.0,0.023,0.0
Sasha_v55,21,0,0.0,21,0,0,21,21,0,18,0,6,0,17,0,4,0,0,21,0,0,21,0,0,3,0,0,1,6.412,330.517,0.0,0.031,0.0
Sasha_v56,30,0,0.0,30,0,3,27,27,0,16,1,4,0,22,0,5,0,0,27,0,0,30,0,0,15,0,3,2,5.706,289.145,0.0,0.0355,0.0
Sasha_v57,44,0,0.0,44,0,4,40,40,0,11,0,3,0,37,0,3,0,0,40,0,23,44,0,0,29,0,4,2,5.8285,241.5765,0.0,0.023,0.0
Sasha_v58,30,0,0.0,30,0,0,30,30,0,29,0,12,0,17,0,13,0,0,30,0,0,29,0,0,1,0,0,12,4.985,225.974,0.0,0.021,0.0
Sasha_v59,30,0,0.0,30,0,0,30,30,0,30,0,7,0,21,0,8,0,11,30,0,18,30,0,0,0,0,0,3,4.5135,149.953,0.867,0.0325,26.0
Sasha_v60,20,0,0.0,20,0,1,19,19,0,19,0,5,2,0,0,18,0,0,19,0,0,20,0,0,0,0,1,7,5.753,357.414,0.855,0.023,40.4
Sasha_v61,30,0,0.0,30,0,0,30,30,0,30,0,9,2,0,0,29,0,0,30,0,1,30,0,0,0,0,0,26,3.6465,115.302,0.0,0.02,0.0
Sasha_v62,22,0,0.0,22,0,7,15,15,0,1,0,0,0,15,0,0,0,0,15,0,14,22,0,0,14,0,7,0,6.157,329.658,1.022,0.067,15.2
Sasha_v63,20,0,0.0,20,0,0,20,20,0,13,0,9,1,17,0,2,0,0,20,0,16,20,0,0,7,0,0,1,5.499,210.926,0.72,0.033,14.1
Sasha_v64,30,0,0.0,30,0,0,30,30,0,30,0,0,0,0,0,30,0,0,30,0,0,30,0,0,0,0,0,19,3.4765,101.843,0.0,0.0235,0.0
Sasha_v65,22,0,0.0,22,0,0,22,22,0,22,0,4,1,0,0,22,0,0,22,0,2,22,0,0,2,0,0,6,3.017,83.099,0.433,0.018,23.7
Sasha_v66,21,0,0.0,21,0,1,20,20,0,20,0,9,5,0,0,20,0,0,20,0,0,21,0,0,2,0,1,4,3.4745,114.659,0.4405,0.0245,18.0
Sasha_v67,25,0,0.0,25,0,0,25,25,0,4,0,1,0,23,0,2,0,0,25,0,20,25,0,0,21,0,0,0,4.365,128.06,0.7505,0.0245,35.4
Sasha_v68,30,0,0.0,30,0,3,27,27,0,26,0,5,0,26,0,1,0,1,27,0,0,30,0,0,1,0,3,0,5.551,241.387,0.0,0.0305,0.0
Sasha_v70,24,0,0.0,24,0,3,21,21,0,21,0,5,1,0,0,21,0,0,21,0,15,24,0,0,0,0,3,13,2.996,73.626,0.0,0.019,0.0
Sasha_v71,30,0,0.0,30,0,0,30,30,0,19,0,4,0,24,0,5,0,0,30,0,27,30,0,0,11,0,0,6,3.5645,85.965,0.0,0.031,0.0
