frame_id,filename,video_id,dataset_generation_id,image_sha256,global_rank,best_score,review_state,fatal_reject_reason,current_yaw,current_pitch,current_roll,current_pose_bin,alternative_yaw,alternative_pitch,alternative_roll,alternative_pose_bin,estimator_status,association_iou,detected_face_count,current_pose_status
Sasha_v53/Sasha_v53_007.png,Sasha_v53/Sasha_v53_007.png,Sasha_v53,bd72f194f62260fb728b77b26c75c5491b178908bff53393e197c11137bf9a40,94524fe8e4e106b04de6203b28ff220403e6cc5ef042ddbe65bffce0c5a7e911,1,95.13703613736767,PENDING,,-12.411481293235259,-9.325718201158821,-8.10818202391143,FRONTAL,12.605903625488281,2.050609588623047,-4.831662654876709,FRONTAL,MEASURED_SIGN_CONVENTION_UNVALIDATED,0.6742435603836515,1,MEASURED
Sash_high_identity-img/スクリーンショット 2026-09-30 105704.png,Sash_high_identity-img/スクリーンショット 2026-09-30 105704.png,,b09674fe16b281285380bd5ae7c3d3585b2f787347d7672c74dd053bbbc968c4,049d74a0967de03b00b4962c072c78fe213dfb707f06c29ccaa9b434081a00c7,2,94.66301169590643,PENDING,,-1.8626828516362517,-48.56401650366763,-2.5919563042282143,FRONTAL,4.921435832977295,-6.959348678588867,-0.27486926317214966,FRONTAL,MEASURED_SIGN_CONVENTION_UNVALIDATED,0.729264558751374,1,MEASURED
Sash_high_identity-img/スクリーンショット 2026-09-30 105728.png,Sash_high_identity-img/スクリーンショット 2026-09-30 105728.png,,b09674fe16b281285380bd5ae7c3d3585b2f787347d7672c74dd053bbbc968c4,90f9728e27c63cb400814958a792456cc85a50949473cc5a0b9c5630608d743b,4,94.60745614035088,PENDING,,-0.8493050137612393,-47.84232034630756,-3.3158986860717645,FRONTAL,4.961580276489258,-6.837562561035156,-0.13752441108226776,FRONTAL,MEASURED_SIGN_CONVENTION_UNVALIDATED,0.6962083874716486,1,MEASURED
Sash_high_identity-img/スクリーンショット 2026-09-30 105945.png,Sash_high_identity-img/スクリーンショット 2026-09-30 105945.png,,b09674fe16b281285380bd5ae7c3d3585b2f787347d7672c74dd053bbbc968c4,1cb1bd26a0b52d41017659f7c3be69469be5b3f0a01aeec689bee81e6b04d0db,5,94.578216374269,PENDING,,-0.6227216676843342,-38.716797590914695,3.742971104433694,FRONTAL,-1.392951250076294,-7.6023335456848145,4.703750133514404,FRONTAL,MEASURED_SIGN_CONVENTION_UNVALIDATED,0.6988340750254306,1,MEASURED
Sash_high_identity-img/スクリーンショット 2026-09-30 105921.png,Sash_high_identity-img/スクリーンショット 2026-09-30 105921.png,,b09674fe16b281285380bd5ae7c3d3585b2f787347d7672c74dd053bbbc968c4,ee9dddef4cb239ed4ee462efab5f1c298c382ceb3d46b9c0bc739671b40af700,7,94.2838693957115,PENDING,,2.8477282349828448,-36.3325234697418,18.736574994945997,FRONTAL,-8.825630187988281,-8.812948226928711,16.814382553100586,FRONTAL,MEASURED_SIGN_CONVENTION_UNVALIDATED,0.7205762919638643,1,MEASURED
Sash_high_identity-img/スクリーンショット 2026-09-30 105646.png,Sash_high_identity-img/スクリーンショット 2026-09-30 105646.png,,b09674fe16b281285380bd5ae7c3d3585b2f787347d7672c74dd053bbbc968c4,dc9ea3ccdfa2b31227715069579327efef5b183f906bd7a613b2916404b02595,11,93.95540935672514,PENDING,,-1.4206219428850926,-37.32835719093299,-3.114893863060461,FRONTAL,5.300052642822266,-8.915671348571777,-0.6260219216346741,FRONTAL,MEASURED_SIGN_CONVENTION_UNVALIDATED,0.7605583825267171,1,MEASURED
Sash_high_identity-img/スクリーンショット 2026-09-30 110008.png,Sash_high_identity-img/スクリーンショット 2026-09-30 110008.png,,b09674fe16b281285380bd5ae7c3d3585b2f787347d7672c74dd053bbbc968c4,0fbe7db8f9b6c52430dac8268b2b5fff54db7e78244c242b2c6666b0f878d2aa,12,93.92763157894737,PENDING,,8.172196503209642,-39.07104376512805,13.521456234765997,FRONTAL,-10.726603507995605,-5.133373737335205,8.876760482788086,FRONTAL,MEASURED_SIGN_CONVENTION_UNVALIDATED,0.7270123693869303,1,MEASURED
Sash_high_identity-img/SaveTik.co_7543503138088537379_2.jpeg,Sash_high_identity-img/SaveTik.co_7543503138088537379_2.jpeg,,b09674fe16b281285380bd5ae7c3d3585b2f787347d7672c74dd053bbbc968c4,eec26220770cc91fb2d77dc2718a6f4c6752ccb07e02fe03b31dab942f3c9094,13,93.82383040935673,PENDING,,-13.52184669583181,-20.592421724244502,2.66036694768783,FRONTAL,14.64816951751709,-10.650873184204102,6.4148945808410645,FRONTAL,MEASURED_SIGN_CONVENTION_UNVALIDATED,0.6845591572237523,1,MEASURED
Sash_high_identity-img/654025529_18101141824898533_326058541450589604_n.jpg,Sash_high_identity-img/654025529_18101141824898533_326058541450589604_n.jpg,,b09674fe16b281285380bd5ae7c3d3585b2f787347d7672c74dd053bbbc968c4,914f8228e99602a9d71ae2f4f9796ddcc5122a5011fc49b05dd4a079bea8b5b7,14,93.76486354775828,PENDING,,-8.21656235853468,-11.847439468912313,0.32515975887222354,FRONTAL,9.35876750946045,-7.657115936279297,2.0286056995391846,FRONTAL,MEASURED_SIGN_CONVENTION_UNVALIDATED,0.7780607279298645,1,MEASURED
Sash_high_identity-img/スクリーンショット 2026-09-30 105344.png,Sash_high_identity-img/スクリーンショット 2026-09-30 105344.png,,b09674fe16b281285380bd5ae7c3d3585b2f787347d7672c74dd053bbbc968c4,4dbced93c1e4d05b516c65feef30da7cc9bfa6917f24e4e54927dfdd2e592a85,16,93.5796783625731,PENDING,,-9.653430231496879,-44.290416279152936,-3.876715538039049,FRONTAL,9.658806800842285,-6.885347843170166,3.4641354084014893,FRONTAL,MEASURED_SIGN_CONVENTION_UNVALIDATED,0.7094544961410593,1,MEASURED
Sasha_v23/Sasha_v23_001.png,Sasha_v23/Sasha_v23_001.png,Sasha_v23,bd72f194f62260fb728b77b26c75c5491b178908bff53393e197c11137bf9a40,8d189f91cdfbb280fe60fd325a5f5bc8a4888e2060de851791df8694c7b147b2,18,93.49110222038465,PENDING,,-0.8924490419025111,-81.47005902642142,-24.144534812590955,FRONTAL,-50.178443908691406,22.464284896850586,-26.181455612182617,PROFILE_LEFT,MEASURED_SIGN_CONVENTION_UNVALIDATED,0.5042586030890737,1,MEASURED
Sash_high_identity-img/スクリーンショット 2026-09-30 111248.png,Sash_high_identity-img/スクリーンショット 2026-09-30 111248.png,,b09674fe16b281285380bd5ae7c3d3585b2f787347d7672c74dd053bbbc968c4,9d0903274b427c66e064f12ca61d2902ec4177fc3c665aa9917ebadf66c973f6,19,93.36232943469786,PENDING,,10.920383547695197,-49.06674264099706,0.6348050110433294,FRONTAL,-7.151295185089111,-7.349488735198975,-5.790529251098633,FRONTAL,MEASURED_SIGN_CONVENTION_UNVALIDATED,0.7137367067896063,1,MEASURED
Sash_high_identity-img/スクリーンショット 2026-09-30 105849.png,Sash_high_identity-img/スクリーンショット 2026-09-30 105849.png,,b09674fe16b281285380bd5ae7c3d3585b2f787347d7672c74dd053bbbc968c4,416c8530d72728390876e184a12d8ca4e09af0c71ffeed3b89f3a4c2a8885d59,21,93.02100440328104,PENDING,,0.4238355189380477,-9.563845533272001,-37.57073263630098,FRONTAL,-4.441654205322266,-2.738140821456909,-36.632972717285156,FRONTAL,MEASURED_SIGN_CONVENTION_UNVALIDATED,0.6632573024189753,1,MEASURED
Sash_high_identity-img/スクリーンショット 2026-09-30 111214.png,Sash_high_identity-img/スクリーンショット 2026-09-30 111214.png,,b09674fe16b281285380bd5ae7c3d3585b2f787347d7672c74dd053bbbc968c4,8eddea217ac67630f87aa72c7322ab5c14f654135e0a7c2102687c4a173b1086,22,92.98172514619883,PENDING,,0.7262082241351633,-43.13815226637357,16.285414883591816,FRONTAL,-7.498485088348389,-9.99306869506836,13.865665435791016,FRONTAL,MEASURED_SIGN_CONVENTION_UNVALIDATED,0.6869019151269524,1,MEASURED
Sash_high_identity-img/スクリーンショット 2026-09-30 111403.png,Sash_high_identity-img/スクリーンショット 2026-09-30 111403.png,,b09674fe16b281285380bd5ae7c3d3585b2f787347d7672c74dd053bbbc968c4,58c342a9abcf28674abf22911d8e2425fadcb8fa603bb677ab6b5cb4dc61e082,23,92.3949805068226,PENDING,,-1.5285805687443554,-38.26759527393099,4.737574157866425,FRONTAL,-2.6984262466430664,-4.781482696533203,4.0274338722229,FRONTAL,MEASURED_SIGN_CONVENTION_UNVALIDATED,0.7742659855252795,1,MEASURED
Sash_high_identity-img/スクリーンショット 2026-09-30 105321.png,Sash_high_identity-img/スクリーンショット 2026-09-30 105321.png,,b09674fe16b281285380bd5ae7c3d3585b2f787347d7672c74dd053bbbc968c4,32aa884ff668c9053c4e857e687a2b244d608ae28018dca86e5aff375e6f0c28,28,90.5149769560551,PENDING,,14.446878638220198,-15.452857373403049,-6.370146351434209,FRONTAL,-16.113496780395508,-4.735675811767578,-8.430875778198242,THREE_QUARTER_LEFT,MEASURED_SIGN_CONVENTION_UNVALIDATED,0.7554439045012546,1,MEASURED
Sash_high_identity-img/スクリーンショット 2026-09-30 105042.png,Sash_high_identity-img/スクリーンショット 2026-09-30 105042.png,,b09674fe16b281285380bd5ae7c3d3585b2f787347d7672c74dd053bbbc968c4,b00b7424e495a3008ed527dad58967eb5ec58d47c7126c9388c29d4821b1a608,6,94.45735867446393,PENDING,,-20.11554228877232,-31.085284348298103,-6.351902864847842,THREE_QUARTER_LEFT,21.37569236755371,-11.513108253479004,2.228518009185791,THREE_QUARTER_RIGHT,MEASURED_SIGN_CONVENTION_UNVALIDATED,0.6739653566727372,1,MEASURED
Sash_high_identity-img/652794808_18008722232838431_6335316425841053458_n.jpg,Sash_high_identity-img/652794808_18008722232838431_6335316425841053458_n.jpg,,b09674fe16b281285380bd5ae7c3d3585b2f787347d7672c74dd053bbbc968c4,7e79954866df79ee93eb2603785c36d6dc37308bb7965c8f72d004fc1da683f1,8,94.20492202729045,PENDING,,-15.33926666643831,-14.914586434183377,-4.569313041635372,THREE_QUARTER_LEFT,10.549427032470703,-7.3591742515563965,-1.798543930053711,FRONTAL,MEASURED_SIGN_CONVENTION_UNVALIDATED,0.7024759016759644,1,MEASURED
Sash_high_identity-img/スクリーンショット 2026-09-30 105148.png,Sash_high_identity-img/スクリーンショット 2026-09-30 105148.png,,b09674fe16b281285380bd5ae7c3d3585b2f787347d7672c74dd053bbbc968c4,42d1c0835c99d8c65838be3837379c1b787341efd5be8282aa94540a17ba85a5,10,94.0582358674464,PENDING,,-24.182253220958525,-39.06886907330227,-12.210254839885168,THREE_QUARTER_LEFT,29.392240524291992,-10.802845001220703,0.6758865118026733,THREE_QUARTER_RIGHT,MEASURED_SIGN_CONVENTION_UNVALIDATED,0.628831507971912,1,MEASURED
Sash_high_identity-img/スクリーンショット 2026-09-30 105443.png,Sash_high_identity-img/スクリーンショット 2026-09-30 105443.png,,b09674fe16b281285380bd5ae7c3d3585b2f787347d7672c74dd053bbbc968c4,9f4b634a607a78ba43ccadab3bd406113bae311413d986245238c4d14bf6902c,15,93.68104288499025,PENDING,,-32.48216005027912,-50.195024737444186,-1.855228460731333,THREE_QUARTER_LEFT,17.806100845336914,-4.391885757446289,16.588199615478516,THREE_QUARTER_RIGHT,MEASURED_SIGN_CONVENTION_UNVALIDATED,0.6826059601127131,1,MEASURED
Sash_high_identity-img/スクリーンショット 2026-09-30 110439.png,Sash_high_identity-img/スクリーンショット 2026-09-30 110439.png,,b09674fe16b281285380bd5ae7c3d3585b2f787347d7672c74dd053bbbc968c4,16bb9d481f23ed13e9e856fbe29858cf11db3a1f314dcac577aed1066e270119,26,91.97532674515003,PENDING,,-29.898298766816414,-21.648008800375663,-1.208324881892809,THREE_QUARTER_LEFT,32.73685836791992,-0.4462490975856781,12.16451358795166,THREE_QUARTER_RIGHT,MEASURED_SIGN_CONVENTION_UNVALIDATED,0.6248190267804664,1,MEASURED
Sash_high_identity-img/スクリーンショット 2026-09-30 111340.png,Sash_high_identity-img/スクリーンショット 2026-09-30 111340.png,,b09674fe16b281285380bd5ae7c3d3585b2f787347d7672c74dd053bbbc968c4,4dcea64e759071488186391c35a7cca65df7deafc8386a2adcc3db30a5476efb,37,85.61679005762052,PENDING,,-27.824886463217428,-22.484929086735207,-6.0372628046463905,THREE_QUARTER_LEFT,41.29362487792969,-2.758502244949341,7.756652355194092,THREE_QUARTER_RIGHT,MEASURED_SIGN_CONVENTION_UNVALIDATED,0.6094706394589048,1,MEASURED
Sash_high_identity-img/スクリーンショット 2026-09-30 111946.png,Sash_high_identity-img/スクリーンショット 2026-09-30 111946.png,,b09674fe16b281285380bd5ae7c3d3585b2f787347d7672c74dd053bbbc968c4,da9f2740e721b0ee72b797b2b74cb69a24c4171736edb29eb07eeac6a2a726ca,39,84.22362621278778,PENDING,,-24.526615616765955,-36.30464404139951,-8.867494678490539,THREE_QUARTER_LEFT,29.566797256469727,-5.871429920196533,7.420436382293701,THREE_QUARTER_RIGHT,MEASURED_SIGN_CONVENTION_UNVALIDATED,0.6892355694892877,1,MEASURED
Sash_high_identity-img/スクリーンショット 2026-09-30 110933.png,Sash_high_identity-img/スクリーンショット 2026-09-30 110933.png,,b09674fe16b281285380bd5ae7c3d3585b2f787347d7672c74dd053bbbc968c4,039598d8883d320f0faf23e0a92e89930e7c8f4431dc8e385b759b5862aaab20,40,83.83930702031297,PENDING,,-29.373237342485925,-21.7306315573351,-1.0616554453700313,THREE_QUARTER_LEFT,26.471355438232422,-6.137800693511963,7.730257511138916,THREE_QUARTER_RIGHT,MEASURED_SIGN_CONVENTION_UNVALIDATED,0.7413451506247409,1,MEASURED
Sasha_v05/Sasha_v05_027.png,Sasha_v05/Sasha_v05_027.png,Sasha_v05,bd72f194f62260fb728b77b26c75c5491b178908bff53393e197c11137bf9a40,43e420b66ac6d1bdd095a133a39ca5616c6efa6a550833f508baeb07b957af0b,47,79.630833519236,PENDING,,-37.80115982332977,-16.080976020155248,-11.883157176834345,THREE_QUARTER_LEFT,27.7100830078125,-14.588119506835938,-7.276269435882568,THREE_QUARTER_RIGHT,MEASURED_SIGN_CONVENTION_UNVALIDATED,0.6681013200206067,1,MEASURED
Sasha_v05/Sasha_v05_026.png,Sasha_v05/Sasha_v05_026.png,Sasha_v05,bd72f194f62260fb728b77b26c75c5491b178908bff53393e197c11137bf9a40,331831bfeb7be384d242e05a2ba0ecf66adf94866e9960fcdc640f7741ee7a84,48,79.48211547199321,PENDING,,-30.633589687358086,-12.513618109674411,-11.939787785337888,THREE_QUARTER_LEFT,25.684131622314453,-10.297033309936523,-9.3815336227417,THREE_QUARTER_RIGHT,MEASURED_SIGN_CONVENTION_UNVALIDATED,0.6868158418910207,1,MEASURED
Sash_high_identity-img/スクリーンショット 2026-09-30 111838.png,Sash_high_identity-img/スクリーンショット 2026-09-30 111838.png,,b09674fe16b281285380bd5ae7c3d3585b2f787347d7672c74dd053bbbc968c4,8ad01e4df7a74e7d3c853f1976fff086c8607af47f79d8bf0c4212b7f367932a,9,94.08114035087719,PENDING,,28.747247175847306,-39.381925593038915,16.204331701251785,THREE_QUARTER_RIGHT,-19.118051528930664,-0.8204010128974915,-5.064550876617432,THREE_QUARTER_LEFT,MEASURED_SIGN_CONVENTION_UNVALIDATED,0.5848089767778241,1,MEASURED
Sash_high_identity-img/スクリーンショット 2026-09-30 110644.png,Sash_high_identity-img/スクリーンショット 2026-09-30 110644.png,,b09674fe16b281285380bd5ae7c3d3585b2f787347d7672c74dd053bbbc968c4,c4ddd636159cacc32e7d0fab42fd6069d8c5aba60b930399c5f2d3ea49bf2e5e,17,93.51778752436647,PENDING,,36.16254845896568,27.45072631014702,159.12421445089777,THREE_QUARTER_RIGHT,-22.203645706176758,-4.47843074798584,-6.987982273101807,THREE_QUARTER_LEFT,MEASURED_SIGN_CONVENTION_UNVALIDATED,0.6875928039742555,1,MEASURED
Sash_high_identity-img/スクリーンショット 2026-09-30 111038.png,Sash_high_identity-img/スクリーンショット 2026-09-30 111038.png,,b09674fe16b281285380bd5ae7c3d3585b2f787347d7672c74dd053bbbc968c4,82329e6ebf99d44898b69126cd292a9b8a604eaf6df70247fdbbea04ecb551c8,20,93.04507797270955,PENDING,,20.210498727619445,-25.469710986814505,-4.90931430004715,THREE_QUARTER_RIGHT,-17.379159927368164,-9.985719680786133,-11.263772010803223,THREE_QUARTER_LEFT,MEASURED_SIGN_CONVENTION_UNVALIDATED,0.7316568478094898,1,MEASURED
Sash_high_identity-img/スクリーンショット 2026-09-30 112018.png,Sash_high_identity-img/スクリーンショット 2026-09-30 112018.png,,b09674fe16b281285380bd5ae7c3d3585b2f787347d7672c74dd053bbbc968c4,ce96ca9f1169a10beac00bc5e098f956629374b3d62bd63f6d3fbfd03de1b6fe,24,92.3740253411306,PENDING,,26.69375367276806,27.79553389423296,155.94584253212534,THREE_QUARTER_RIGHT,-24.48965072631836,-4.105734348297119,-8.598401069641113,THREE_QUARTER_LEFT,MEASURED_SIGN_CONVENTION_UNVALIDATED,0.7470318336682418,1,MEASURED
Sash_high_identity-img/スクリーンショット 2026-09-30 110609.png,Sash_high_identity-img/スクリーンショット 2026-09-30 110609.png,,b09674fe16b281285380bd5ae7c3d3585b2f787347d7672c74dd053bbbc968c4,a0187e624e4d50d20edcb5cd1acc1e6c644a896dae14b98fdc748d2daa502645,25,92.32172920560801,PENDING,,19.979423226019524,-9.752197297056966,-3.891845141335274,THREE_QUARTER_RIGHT,-28.5452938079834,4.1770920753479,-8.125842094421387,THREE_QUARTER_LEFT,MEASURED_SIGN_CONVENTION_UNVALIDATED,0.7083004507052152,1,MEASURED
Sash_high_identity-img/スクリーンショット 2026-09-30 111733.png,Sash_high_identity-img/スクリーンショット 2026-09-30 111733.png,,b09674fe16b281285380bd5ae7c3d3585b2f787347d7672c74dd053bbbc968c4,ccbea4421970d01964abd42afc4edb6a730d04e12206af8eb7494f82553bade6,27,91.81949399934288,PENDING,,16.418066220152546,-18.677481143252948,1.713660175680119,THREE_QUARTER_RIGHT,-16.917428970336914,-12.413028717041016,-1.7670869827270508,THREE_QUARTER_LEFT,MEASURED_SIGN_CONVENTION_UNVALIDATED,0.7203577062584992,1,MEASURED
Sasha_v53/Sasha_v53_023.png,Sasha_v53/Sasha_v53_023.png,Sasha_v53,bd72f194f62260fb728b77b26c75c5491b178908bff53393e197c11137bf9a40,c19de1b6c61fa7b1b0ba331cbbb69c74f7d9209e4cd3abf393d6e0734cfb3b1e,42,82.65897802020136,PENDING,,18.473922769619513,-7.248199200755948,-4.602178049445258,THREE_QUARTER_RIGHT,-5.922682762145996,-1.1733300685882568,-5.266571521759033,FRONTAL,MEASURED_SIGN_CONVENTION_UNVALIDATED,0.6556833166135463,1,MEASURED
Sash_high_identity-img/スクリーンショット 2026-09-30 111857.png,Sash_high_identity-img/スクリーンショット 2026-09-30 111857.png,,b09674fe16b281285380bd5ae7c3d3585b2f787347d7672c74dd053bbbc968c4,e08a6b7a2c2c68f6a312a5d6edadd218afdb9c13197e19148413e123c322c05b,46,80.0111335023752,PENDING,,26.10660039232781,-69.5809960768845,17.521697531777907,THREE_QUARTER_RIGHT,-14.309971809387207,-11.373048782348633,-16.19728660583496,FRONTAL,MEASURED_SIGN_CONVENTION_UNVALIDATED,0.800756566487003,1,MEASURED
Sash_high_identity-img/スクリーンショット 2026-09-30 105518.png,Sash_high_identity-img/スクリーンショット 2026-09-30 105518.png,,b09674fe16b281285380bd5ae7c3d3585b2f787347d7672c74dd053bbbc968c4,ca5b6f723dff330e6dcaa087927cc16683eff75cae8019b43c04386117c9c931,49,78.79251770102839,PENDING,,25.796585170530122,-28.9709073176752,-17.509047754305843,THREE_QUARTER_RIGHT,-11.041080474853516,-4.44426965713501,-25.278261184692383,FRONTAL,MEASURED_SIGN_CONVENTION_UNVALIDATED,0.7268553411827203,1,MEASURED
Sash_high_identity-img/スクリーンショット 2026-09-30 110409.png,Sash_high_identity-img/スクリーンショット 2026-09-30 110409.png,,b09674fe16b281285380bd5ae7c3d3585b2f787347d7672c74dd053bbbc968c4,572862e0937b5ab122f78853f6db2b5d3acdc3b1b2bc2662762e086a03b5107a,51,78.34830229512767,PENDING,,16.502214238926417,-30.566300838474575,-2.3911090937766204,THREE_QUARTER_RIGHT,-17.769901275634766,-1.4475690126419067,-10.356894493103027,THREE_QUARTER_LEFT,MEASURED_SIGN_CONVENTION_UNVALIDATED,0.7177313236738975,1,MEASURED
Sash_high_identity-img/スクリーンショット 2026-09-30 110146.png,Sash_high_identity-img/スクリーンショット 2026-09-30 110146.png,,b09674fe16b281285380bd5ae7c3d3585b2f787347d7672c74dd053bbbc968c4,8fc91b287245c84dacf198e8926168a23dafec8e757c6fb4d124a44895af10fb,66,70.45823215981204,PENDING,,-47.91019916824187,-27.31487350987564,-18.330393541515328,PROFILE_LEFT,29.95980453491211,-4.886956691741943,-2.285475015640259,THREE_QUARTER_RIGHT,MEASURED_SIGN_CONVENTION_UNVALIDATED,0.6703637081227318,1,MEASURED
Sash_high_identity-img/スクリーンショット 2026-09-30 110056.png,Sash_high_identity-img/スクリーンショット 2026-09-30 110056.png,,b09674fe16b281285380bd5ae7c3d3585b2f787347d7672c74dd053bbbc968c4,860c29b3669de73f5dd4c370b3fc068de4a68c99d64d343dca4f27cac079addf,125,60.80408873541634,PENDING,,-50.50887211478662,-68.21699392557602,-33.30921912218028,PROFILE_LEFT,64.57456970214844,-34.00849533081055,0.14820674061775208,PROFILE_RIGHT,MEASURED_SIGN_CONVENTION_UNVALIDATED,0.5790057900944535,1,MEASURED
Sash_high_identity-img/スクリーンショット 2026-09-30 110631.png,Sash_high_identity-img/スクリーンショット 2026-09-30 110631.png,,b09674fe16b281285380bd5ae7c3d3585b2f787347d7672c74dd053bbbc968c4,6ffe9d03f9da2515801fad6dfb9f8cf045d65c4b9afff09930e42745a586d558,3,94.6240253411306,PENDING,,70.39510671948914,1.05114696828565,-174.83430377136415,PROFILE_RIGHT,-69.9586181640625,-24.816131591796875,18.81391716003418,PROFILE_LEFT,MEASURED_SIGN_CONVENTION_UNVALIDATED,0.5002927609474177,1,MEASURED
Sasha_v23/Sasha_v23_002.png,Sasha_v23/Sasha_v23_002.png,Sasha_v23,bd72f194f62260fb728b77b26c75c5491b178908bff53393e197c11137bf9a40,b5f5e30559ee45f282c75c1000aadbf1b739957702e5dbd4ab5d190340553967,101,63.49076870318269,PENDING,,51.84711015680754,-8.176231823854181,-4.302999606456035,PROFILE_RIGHT,-60.2859992980957,8.65912914276123,-21.921722412109375,PROFILE_LEFT,MEASURED_SIGN_CONVENTION_UNVALIDATED,0.5090958754815733,1,MEASURED
