metric,min,p01,p05,p10,p25,p50,p75,p90,p95,p99,max,count,mean,std,missing_count,not_applicable_count,analysis_error_count
face_laplacian_score,1.811,2.22461,2.8906,3.2,3.833,4.735,6.2165,8.6459,10.2657,19.23282,67.62,1824,5.582814,3.484275,69,69,0
face_tenengrad_score,28.963,55.5106,78.1501,94.1502,131.79425,204.8095,344.94475,543.9851,695.7117,1365.34726,5463.593,1824,285.852376,287.657844,69,69,0
face_sharpness_score,0.03,1.2432,5.741,11.122,25.715,49.18,74.23,89.86,94.26,99.026,100.0,1823,49.999962,28.405153,70,69,0
eye_sharpness,0.0,0.0,0.0,0.0,0.0,0.0,0.741,1.006,1.2116,1.69556,2.381,1645,0.345945,0.471167,248,69,0
mouth_sharpness,0.31,0.36432,0.454,0.509,0.628,0.765,0.972,1.1866,1.3034,1.62024,2.17,1645,0.815227,0.268116,248,69,0
face_visibility_score,0.0,0.0,0.0,47.4,100.0,100.0,100.0,100.0,100.0,100.0,100.0,1824,87.962171,29.847423,69,69,0
face_brightness_mean,54.9,74.8,83.63,96.56,111.275,126.25,140.6,150.27,156.27,167.9,184.9,1824,125.029386,21.247294,69,69,0
face_min_dimension,216.0,283.0,320.0,360.0,472.0,651.0,882.25,1138.1,1361.25,1672.85,1989.0,1824,709.96875,316.537829,69,69,0
face_area_ratio,0.00562,0.00966,0.012736,0.016385,0.026978,0.05133,0.0955,0.158273,0.224957,0.346218,0.53319,1824,0.07408,0.07209,69,69,0
skin_texture_score,0.001,0.00644,0.009,0.012,0.016,0.022,0.033,0.051,0.0758,0.148,0.42,1645,0.030098,0.029333,248,69,0
plasticity_ratio,0.0,0.0,0.0,0.0,0.0,0.0,29.4,46.52,58.18,97.616,145.4,1645,15.250638,23.125795,248,69,0
eye_openness_mean,0.090944,0.18741,0.237486,0.256128,0.293259,0.330617,0.364922,0.392446,0.412316,0.455017,0.830397,1645,0.328062,0.05738,248,69,0
mouth_open_ratio,0.000351,0.002586,0.007211,0.011629,0.022592,0.051314,0.158692,0.283234,0.367267,0.506765,0.638419,1645,0.106468,0.118256,248,69,0
