count_type,reason,frame_count,percentage,video_count
overlapping_reason,analysis_error,0,0.0,0
overlapping_reason,beauty_filter_detected,0,0.0,0
overlapping_reason,eligible,139,7.342842,29
overlapping_reason,face_backlit_underexposed,31,1.637612,5
overlapping_reason,face_blurry,1526,80.612784,67
overlapping_reason,face_too_small,0,0.0,0
overlapping_reason,face_underexposed,167,8.821976,16
overlapping_reason,global_blurry,0,0.0,0
overlapping_reason,hair_covered_face,0,0.0,0
overlapping_reason,low_resolution_source,0,0.0,0
overlapping_reason,low_visibility,205,10.829371,35
overlapping_reason,multiple_faces,1,0.052826,1
overlapping_reason,no_face,69,3.645008,19
overlapping_reason,one_eye_occluded,999,52.773376,65
exclusive_primary_category,ELIGIBLE,139,7.342842,29
exclusive_primary_category,REJECT_BEAUTY_FILTER,0,0.0,0
exclusive_primary_category,REJECT_BLUR,432,22.820919,51
exclusive_primary_category,REJECT_LOW_RES,0,0.0,0
exclusive_primary_category,REJECT_MULTIPLE_FACE,1,0.052826,1
exclusive_primary_category,REJECT_NO_FACE,69,3.645008,19
exclusive_primary_category,REJECT_OCCLUSION,1252,66.138405,66
exclusive_primary_category,REJECT_SMALL_FACE,0,0.0,0
exclusive_primary_category,REVIEW_UNKNOWN,0,0.0,0
