input_kind,source_id,video_id,total_rows,ranking_eligible_rows,total_measured,not_evaluable,errors,median_yaw,min_yaw,max_yaw,best_step3_score,pose_FRONTAL,pose_THREE_QUARTER_LEFT,pose_THREE_QUARTER_RIGHT,pose_PROFILE_LEFT,pose_PROFILE_RIGHT,pose_NOT_EVALUABLE,face_scale_CLOSE_UP,face_scale_UPPER_BODY,face_scale_FULL_BODY,face_scale_NOT_EVALUABLE
formal_video,Sasha_v01,Sasha_v01,19,19,19,0,0,4.703982353210449,-7.041564464569092,30.027685165405273,41.38910663221478,16,0,3,0,0,0,0,0,19,0
formal_video,Sasha_v03,Sasha_v03,120,105,105,0,0,2.9183712005615234,-62.02585983276367,75.24966430664062,53.49203101088773,75,9,12,2,7,0,25,70,10,0
formal_video,Sasha_v04,Sasha_v04,23,23,23,0,0,-0.15302297472953796,-71.96173858642578,20.576406478881836,50.456295111175045,16,2,2,3,0,0,0,0,23,0
formal_video,Sasha_v05,Sasha_v05,32,32,32,0,0,-0.518964447081089,-23.81822967529297,27.7100830078125,79.630833519236,22,2,8,0,0,0,0,11,21,0
formal_video,Sasha_v06,Sasha_v06,19,17,17,0,0,16.658023834228516,-47.37508773803711,54.03908920288086,32.41430259111688,4,3,8,1,1,0,1,15,1,0
formal_video,Sasha_v07,Sasha_v07,22,22,22,0,0,1.4598335027694702,-29.444978713989258,19.29011344909668,48.97089663390877,15,5,2,0,0,0,5,16,1,0
formal_video,Sasha_v08,Sasha_v08,20,15,14,1,0,2.1632061898708344,-26.27678108215332,80.72404479980469,63.769343541698035,8,2,3,0,1,1,0,15,0,0
formal_video,Sasha_v09,Sasha_v09,30,30,30,0,0,2.093556761741638,-23.58987045288086,17.476444244384766,53.54685203396035,22,3,5,0,0,0,1,13,16,0
formal_video,Sasha_v10,Sasha_v10,26,26,26,0,0,-1.860399216413498,-22.592844009399414,36.981163024902344,45.703609077652146,11,7,8,0,0,0,25,1,0,0
formal_video,Sasha_v11,Sasha_v11,28,22,22,0,0,-7.062728404998779,-49.53167724609375,9.130610466003418,60.842726417918925,18,3,0,1,0,0,0,20,2,0
formal_video,Sasha_v12,Sasha_v12,24,24,24,0,0,-0.7197318077087402,-33.41086959838867,12.58725357055664,57.436726041471275,18,6,0,0,0,0,1,23,0,0
formal_video,Sasha_v13,Sasha_v13,26,26,26,0,0,-1.0381140410900116,-12.601036071777344,27.28882598876953,40.928699914050966,23,0,3,0,0,0,3,23,0,0
formal_video,Sasha_v14,Sasha_v14,29,29,29,0,0,-1.3632906675338745,-24.0858097076416,37.47671890258789,38.54280043001664,24,2,3,0,0,0,0,28,1,0
formal_video,Sasha_v15,Sasha_v15,24,24,24,0,0,13.069100856781006,-25.34532928466797,29.563682556152344,51.138703141276935,13,2,9,0,0,0,9,15,0,0
formal_video,Sasha_v16,Sasha_v16,30,30,30,0,0,0.1285921037197113,-27.177417755126953,33.66133499145508,62.276622424525875,22,3,5,0,0,0,4,26,0,0
formal_video,Sasha_v17,Sasha_v17,26,25,25,0,0,4.61445426940918,-7.543923854827881,20.515207290649414,45.460488599757056,21,0,4,0,0,0,0,21,4,0
formal_video,Sasha_v19,Sasha_v19,30,30,30,0,0,4.0030611753463745,-22.496984481811523,21.53095817565918,45.980302837811344,26,3,1,0,0,0,0,0,30,0
formal_video,Sasha_v20,Sasha_v20,20,20,20,0,0,-2.0890446938574314,-14.360264778137207,24.486530303955078,29.06681315011883,18,0,2,0,0,0,6,8,6,0
formal_video,Sasha_v21,Sasha_v21,29,24,24,0,0,3.674626588821411,-64.22802734375,29.55823516845703,38.06357397733307,21,0,2,1,0,0,0,1,23,0
formal_video,Sasha_v22,Sasha_v22,37,37,37,0,0,-10.972923278808594,-24.917428970336914,19.720693588256836,67.93940427836182,25,10,2,0,0,0,37,0,0,0
formal_video,Sasha_v23,Sasha_v23,20,20,20,0,0,-4.032535791397095,-60.2859992980957,20.68057632446289,93.49110222038465,11,4,3,2,0,0,2,5,13,0
formal_video,Sasha_v24,Sasha_v24,28,28,28,0,0,8.625009536743164,-9.313979148864746,39.16566467285156,60.46272583263042,22,0,6,0,0,0,3,25,0,0
formal_video,Sasha_v25,Sasha_v25,29,28,28,0,0,8.639000415802002,-7.860620975494385,34.51665115356445,48.526092667872945,24,0,4,0,0,0,3,2,23,0
formal_video,Sasha_v26,Sasha_v26,24,24,24,0,0,-2.1639702320098877,-21.723087310791016,25.12820816040039,51.67827485674388,22,1,1,0,0,0,0,0,24,0
formal_video,Sasha_v27,Sasha_v27,26,26,26,0,0,7.951750755310059,-12.324522972106934,37.58786392211914,47.06875638105909,19,0,7,0,0,0,24,2,0,0
formal_video,Sasha_v28,Sasha_v28,29,29,29,0,0,1.9556549787521362,-21.334556579589844,17.685073852539062,33.943445657892035,24,4,1,0,0,0,0,28,1,0
formal_video,Sasha_v29,Sasha_v29,22,22,22,0,0,11.666991233825684,-22.41559410095215,27.786123275756836,39.419861899671126,11,2,9,0,0,0,11,1,10,0
formal_video,Sasha_v30,Sasha_v30,27,26,25,1,0,5.398612976074219,-73.88050079345703,79.75677490234375,53.56378108633143,20,0,3,1,1,1,10,9,7,0
formal_video,Sasha_v31,Sasha_v31,29,29,29,0,0,8.245277404785156,-10.284936904907227,39.290313720703125,59.61455104244102,24,0,5,0,0,0,3,26,0,0
formal_video,Sasha_v32,Sasha_v32,21,21,21,0,0,3.047255277633667,-12.495880126953125,15.22530746459961,54.4549496978678,19,0,2,0,0,0,0,0,21,0
formal_video,Sasha_v33,Sasha_v33,33,33,33,0,0,8.3319673538208,-3.6768980026245117,34.18992614746094,69.81331775542897,26,0,7,0,0,0,0,33,0,0
formal_video,Sasha_v34,Sasha_v34,15,15,15,0,0,7.022593975067139,-7.1828765869140625,36.478816986083984,68.44201126202647,10,0,5,0,0,0,5,10,0,0
formal_video,Sasha_v35,Sasha_v35,30,30,30,0,0,-3.0174312591552734,-61.28511047363281,14.063131332397461,52.04754285769519,24,4,0,2,0,0,3,20,7,0
formal_video,Sasha_v36,Sasha_v36,39,39,39,0,0,3.86775803565979,-13.947027206420898,24.835411071777344,36.41633799528882,38,0,1,0,0,0,1,30,8,0
formal_video,Sasha_v37,Sasha_v37,18,18,18,0,0,2.6265897154808044,-31.053367614746094,12.400284767150879,55.11505197545317,17,1,0,0,0,0,0,7,11,0
formal_video,Sasha_v38,Sasha_v38,27,27,27,0,0,1.2812387943267822,-33.45756530761719,21.41342544555664,38.01442393413006,25,1,1,0,0,0,4,23,0,0
formal_video,Sasha_v39,Sasha_v39,39,34,31,3,0,1.1782245635986328,-12.454480171203613,10.75328254699707,35.342717035577394,31,0,0,0,0,3,0,25,9,0
formal_video,Sasha_v40,Sasha_v40,30,30,30,0,0,1.4700186252593994,-44.44085693359375,24.927799224853516,39.08988510152941,26,2,1,1,0,0,0,0,30,0
formal_video,Sasha_v41,Sasha_v41,19,19,19,0,0,5.339990139007568,-42.889739990234375,17.31879425048828,65.73900558954591,14,2,2,1,0,0,19,0,0,0
formal_video,Sasha_v42,Sasha_v42,20,19,19,0,0,3.7298195362091064,-39.852169036865234,16.194122314453125,59.758844619129654,15,2,2,0,0,0,5,5,9,0
formal_video,Sasha_v44,Sasha_v44,22,22,22,0,0,5.563949108123779,-29.181873321533203,24.305696487426758,50.569251164077514,18,1,3,0,0,0,2,1,19,0
formal_video,Sasha_v45,Sasha_v45,23,23,23,0,0,-0.1574394851922989,-46.0787239074707,8.714616775512695,47.813046987968995,20,2,0,1,0,0,3,2,18,0
formal_video,Sasha_v46,Sasha_v46,30,30,30,0,0,-2.3070497512817383,-14.295358657836914,18.439987182617188,47.550075893782406,29,0,1,0,0,0,0,6,24,0
formal_video,Sasha_v47,Sasha_v47,30,30,30,0,0,2.3611295223236084,-16.96738052368164,8.672748565673828,36.99936703154284,29,1,0,0,0,0,2,18,10,0
formal_video,Sasha_v48,Sasha_v48,23,22,22,0,0,-8.097702503204346,-26.297565460205078,4.818274974822998,38.86401956997336,19,3,0,0,0,0,1,3,18,0
formal_video,Sasha_v49,Sasha_v49,30,30,30,0,0,1.836355447769165,-30.850357055664062,24.301212310791016,49.312854010153536,24,1,5,0,0,0,1,19,10,0
formal_video,Sasha_v50,Sasha_v50,30,30,30,0,0,3.351667642593384,-13.36556625366211,21.05544090270996,46.16851638281423,26,0,4,0,0,0,0,0,30,0
formal_video,Sasha_v51,Sasha_v51,21,21,21,0,0,-7.346917629241943,-26.57006072998047,2.505803346633911,53.047117562487415,12,9,0,0,0,0,0,18,3,0
formal_video,Sasha_v52,Sasha_v52,57,57,57,0,0,1.3156967163085938,-25.95645523071289,61.0546989440918,39.63138860769979,45,3,8,0,1,0,2,15,40,0
formal_video,Sasha_v53,Sasha_v53,30,30,30,0,0,-1.1772421896457672,-52.006752014160156,12.605903625488281,95.13703613736767,27,1,0,2,0,0,0,22,8,0
formal_video,Sasha_v54,Sasha_v54,29,24,23,1,0,3.218092679977417,-58.8215446472168,23.44219970703125,49.45679463486605,19,2,1,1,0,1,2,1,21,0
formal_video,Sasha_v55,Sasha_v55,21,21,21,0,0,1.5201808214187622,-20.31581687927246,27.633129119873047,46.18871527388367,17,1,3,0,0,0,2,2,17,0
formal_video,Sasha_v56,Sasha_v56,30,27,27,0,0,1.5919326543807983,-83.2133560180664,82.12638854980469,41.965753896511245,18,3,2,2,2,0,2,3,22,0
formal_video,Sasha_v57,Sasha_v57,44,40,40,0,0,2.4052616357803345,-48.81045913696289,24.20921516418457,29.266788265256096,28,5,6,1,0,0,0,3,37,0
formal_video,Sasha_v58,Sasha_v58,30,30,30,0,0,-1.7223605513572693,-81.15282440185547,21.081323623657227,47.40282584572495,25,2,2,1,0,0,2,11,17,0
formal_video,Sasha_v59,Sasha_v59,30,30,30,0,0,4.5003886222839355,-20.587011337280273,23.293621063232422,37.48539916358632,25,2,3,0,0,0,0,9,21,0
formal_video,Sasha_v60,Sasha_v60,20,19,19,0,0,1.879031777381897,-22.174579620361328,24.65964698791504,73.24186517058268,15,1,3,0,0,0,12,7,0,0
formal_video,Sasha_v61,Sasha_v61,30,30,30,0,0,3.33573454618454,-32.37628173828125,27.107383728027344,53.07274255668514,22,3,5,0,0,0,0,30,0,0
formal_video,Sasha_v62,Sasha_v62,22,15,14,1,0,2.99391371011734,-60.76823043823242,44.8345832824707,20.410806169555194,9,0,3,1,1,1,0,0,15,0
formal_video,Sasha_v63,Sasha_v63,20,20,20,0,0,1.1562465727329254,-16.562503814697266,21.454126358032227,37.08741543511781,17,1,2,0,0,0,1,2,17,0
formal_video,Sasha_v64,Sasha_v64,30,30,30,0,0,1.7433286309242249,-12.774178504943848,30.93758201599121,32.30886392447538,27,0,3,0,0,0,27,3,0,0
formal_video,Sasha_v65,Sasha_v65,22,22,22,0,0,5.803745746612549,-20.724843978881836,27.524446487426758,39.52716552098919,16,1,5,0,0,0,22,0,0,0
formal_video,Sasha_v66,Sasha_v66,21,20,20,0,0,6.131839990615845,-9.55231761932373,23.845767974853516,42.535510515346296,17,0,3,0,0,0,20,0,0,0
formal_video,Sasha_v67,Sasha_v67,25,25,25,0,0,-0.45846518874168396,-15.928874969482422,34.573490142822266,36.06090731046431,22,1,2,0,0,0,0,2,23,0
formal_video,Sasha_v68,Sasha_v68,30,27,27,0,0,0.18647149205207825,-8.910491943359375,17.662525177001953,36.91925830918031,25,0,2,0,0,0,0,1,26,0
formal_video,Sasha_v70,Sasha_v70,24,21,21,0,0,4.550930976867676,-10.73166561126709,17.73017120361328,36.72151965925913,20,0,1,0,0,0,3,18,0,0
formal_video,Sasha_v71,Sasha_v71,30,30,30,0,0,6.956056833267212,-16.09450912475586,36.179752349853516,24.40676193819548,23,1,6,0,0,0,1,5,24,0
supplemental_still,still:039598d8883d320f0faf23e0a92e89930e7c8f4431dc8e385b759b5862aaab20,,1,1,1,0,0,26.471355438232422,26.471355438232422,26.471355438232422,83.83930702031297,0,0,1,0,0,0,1,0,0,0
supplemental_still,still:049d74a0967de03b00b4962c072c78fe213dfb707f06c29ccaa9b434081a00c7,,1,1,1,0,0,4.921435832977295,4.921435832977295,4.921435832977295,94.66301169590643,1,0,0,0,0,0,0,0,1,0
supplemental_still,still:0a344fd2e2cd601eb381b694c3e5d867d8cc9a1eb68dffedc8cb1657843071fe,,1,1,1,0,0,6.604902744293213,6.604902744293213,6.604902744293213,87.15768911526912,1,0,0,0,0,0,0,0,1,0
supplemental_still,still:0eada9a3cf06146442f336116d5d12c367c7a9eff1948b7c58e6c467749e0a9b,,1,1,1,0,0,-11.19010066986084,-11.19010066986084,-11.19010066986084,86.65856292946249,1,0,0,0,0,0,1,0,0,0
supplemental_still,still:0fbe7db8f9b6c52430dac8268b2b5fff54db7e78244c242b2c6666b0f878d2aa,,1,1,1,0,0,-10.726603507995605,-10.726603507995605,-10.726603507995605,93.92763157894737,1,0,0,0,0,0,0,1,0,0
supplemental_still,still:169c7e586e4f0dbdb5a24a043c8377c5be3007db70a5c0124b416cbf145370e7,,1,1,1,0,0,25.078031539916992,25.078031539916992,25.078031539916992,69.17381741423424,0,0,1,0,0,0,0,1,0,0
supplemental_still,still:16bb9d481f23ed13e9e856fbe29858cf11db3a1f314dcac577aed1066e270119,,1,1,1,0,0,32.73685836791992,32.73685836791992,32.73685836791992,91.97532674515003,0,0,1,0,0,0,0,1,0,0
supplemental_still,still:1cb1bd26a0b52d41017659f7c3be69469be5b3f0a01aeec689bee81e6b04d0db,,1,1,1,0,0,-1.392951250076294,-1.392951250076294,-1.392951250076294,94.578216374269,1,0,0,0,0,0,0,0,1,0
supplemental_still,still:1d4ff76f0841980ed89b5dcd3499d2625ae80463771e515302853811d29336f0,,1,1,1,0,0,-0.45171836018562317,-0.45171836018562317,-0.45171836018562317,84.48003194076945,1,0,0,0,0,0,0,1,0,0
supplemental_still,still:2144136bb1d9e3e9bd4b1b132b88c224f8c54962ba06dfdbe6b597572002482d,,1,1,1,0,0,-7.586489200592041,-7.586489200592041,-7.586489200592041,71.59585842386116,1,0,0,0,0,0,0,0,1,0
supplemental_still,still:29965b319177addbe26daa605bbb2333a7a1d71be92677c4baa2f8cca41fc4b5,,1,1,1,0,0,0.5390311479568481,0.5390311479568481,0.5390311479568481,52.84214960543947,1,0,0,0,0,0,0,0,1,0
supplemental_still,still:2a1b6fa8f24cc5ea4a658d6851c65c5f986488949ccb7d07c7d09d4e390151cd,,1,1,1,0,0,7.462764739990234,7.462764739990234,7.462764739990234,74.88297635846313,1,0,0,0,0,0,1,0,0,0
supplemental_still,still:32aa884ff668c9053c4e857e687a2b244d608ae28018dca86e5aff375e6f0c28,,1,1,1,0,0,-16.113496780395508,-16.113496780395508,-16.113496780395508,90.5149769560551,0,1,0,0,0,0,1,0,0,0
supplemental_still,still:39f50451c23a76c75723bfcbf9b8ca3bdf2d6932d66b2be28894cbe17f5c3da1,,1,1,1,0,0,10.752626419067383,10.752626419067383,10.752626419067383,64.04175957274241,1,0,0,0,0,0,0,0,1,0
supplemental_still,still:3c87f029ac71000d6e12774197f3c38cd61e2f7b4ac95437ca25f93628b2c901,,1,1,1,0,0,-14.963937759399414,-14.963937759399414,-14.963937759399414,60.96181090646887,1,0,0,0,0,0,1,0,0,0
supplemental_still,still:416c8530d72728390876e184a12d8ca4e09af0c71ffeed3b89f3a4c2a8885d59,,1,1,1,0,0,-4.441654205322266,-4.441654205322266,-4.441654205322266,93.02100440328104,1,0,0,0,0,0,1,0,0,0
supplemental_still,still:42d1c0835c99d8c65838be3837379c1b787341efd5be8282aa94540a17ba85a5,,1,1,1,0,0,29.392240524291992,29.392240524291992,29.392240524291992,94.0582358674464,0,0,1,0,0,0,0,1,0,0
supplemental_still,still:4dbced93c1e4d05b516c65feef30da7cc9bfa6917f24e4e54927dfdd2e592a85,,1,1,1,0,0,9.658806800842285,9.658806800842285,9.658806800842285,93.5796783625731,1,0,0,0,0,0,0,1,0,0
supplemental_still,still:4dcea64e759071488186391c35a7cca65df7deafc8386a2adcc3db30a5476efb,,1,1,1,0,0,41.29362487792969,41.29362487792969,41.29362487792969,85.61679005762052,0,0,1,0,0,0,1,0,0,0
supplemental_still,still:53a9bb64b93e84e63b25f4c6082ea85125e566c01fb1d525ca12be4c56cdcc56,,1,1,1,0,0,-85.8775634765625,-85.8775634765625,-85.8775634765625,0.0,0,0,0,1,0,0,0,1,0,0
supplemental_still,still:572862e0937b5ab122f78853f6db2b5d3acdc3b1b2bc2662762e086a03b5107a,,1,1,1,0,0,-17.769901275634766,-17.769901275634766,-17.769901275634766,78.34830229512767,0,1,0,0,0,0,0,1,0,0
supplemental_still,still:58c342a9abcf28674abf22911d8e2425fadcb8fa603bb677ab6b5cb4dc61e082,,1,1,1,0,0,-2.6984262466430664,-2.6984262466430664,-2.6984262466430664,92.3949805068226,1,0,0,0,0,0,0,1,0,0
supplemental_still,still:5973edb6ea5a111bd4b9449ecfa121de07721899997b351e95ca61d0ca3bbe6b,,1,1,1,0,0,-26.809673309326172,-26.809673309326172,-26.809673309326172,59.94175002909078,0,1,0,0,0,0,0,1,0,0
supplemental_still,still:6187956f2c2acf6538a9b62fa5073b99285dc12f297420b33493ee67313cbbb3,,1,1,1,0,0,-14.391828536987305,-14.391828536987305,-14.391828536987305,57.6715595872019,1,0,0,0,0,0,0,1,0,0
supplemental_still,still:645715ef7039298124ede051f9acef8af90304ecc9979798a26c02640bb78e67,,1,1,1,0,0,10.850398063659668,10.850398063659668,10.850398063659668,46.37069842625328,1,0,0,0,0,0,0,0,1,0
supplemental_still,still:6a6adfe01ab3f532088b9fddfff186e13aebcf6f76b944ba93e3b05bb1858b0a,,1,1,1,0,0,0.711970329284668,0.711970329284668,0.711970329284668,71.77630164312025,1,0,0,0,0,0,0,1,0,0
supplemental_still,still:6ffe9d03f9da2515801fad6dfb9f8cf045d65c4b9afff09930e42745a586d558,,1,1,1,0,0,-69.9586181640625,-69.9586181640625,-69.9586181640625,94.6240253411306,0,0,0,1,0,0,0,1,0,0
supplemental_still,still:75b2c74ead988b567ea3050291c24c8a23df99de5822c1d04bef2b3b060bdf2e,,1,1,1,0,0,-24.345012664794922,-24.345012664794922,-24.345012664794922,73.54166967817076,0,1,0,0,0,0,0,1,0,0
supplemental_still,still:7e79954866df79ee93eb2603785c36d6dc37308bb7965c8f72d004fc1da683f1,,1,1,1,0,0,10.549427032470703,10.549427032470703,10.549427032470703,94.20492202729045,1,0,0,0,0,0,1,0,0,0
supplemental_still,still:82329e6ebf99d44898b69126cd292a9b8a604eaf6df70247fdbbea04ecb551c8,,1,1,1,0,0,-17.379159927368164,-17.379159927368164,-17.379159927368164,93.04507797270955,0,1,0,0,0,0,0,1,0,0
supplemental_still,still:860c29b3669de73f5dd4c370b3fc068de4a68c99d64d343dca4f27cac079addf,,1,1,1,0,0,64.57456970214844,64.57456970214844,64.57456970214844,60.80408873541634,0,0,0,0,1,0,0,0,1,0
supplemental_still,still:8a0196bb5640a5fba0510741f1cdb5f6faaa258ae90716a61349945c95a035ec,,1,1,1,0,0,-7.88234806060791,-7.88234806060791,-7.88234806060791,87.16833336914982,1,0,0,0,0,0,0,1,0,0
supplemental_still,still:8ad01e4df7a74e7d3c853f1976fff086c8607af47f79d8bf0c4212b7f367932a,,1,1,1,0,0,-19.118051528930664,-19.118051528930664,-19.118051528930664,94.08114035087719,0,1,0,0,0,0,0,0,1,0
supplemental_still,still:8c65e6116b08f0e265bae2e1cfc82c99b8a1afad978aa49b041b635477344d26,,1,1,1,0,0,71.18318176269531,71.18318176269531,71.18318176269531,0.0,0,0,0,0,1,0,0,1,0,0
supplemental_still,still:8eddea217ac67630f87aa72c7322ab5c14f654135e0a7c2102687c4a173b1086,,1,1,1,0,0,-7.498485088348389,-7.498485088348389,-7.498485088348389,92.98172514619883,1,0,0,0,0,0,0,1,0,0
supplemental_still,still:8fc91b287245c84dacf198e8926168a23dafec8e757c6fb4d124a44895af10fb,,1,1,1,0,0,29.95980453491211,29.95980453491211,29.95980453491211,70.45823215981204,0,0,1,0,0,0,0,0,1,0
supplemental_still,still:90f9728e27c63cb400814958a792456cc85a50949473cc5a0b9c5630608d743b,,1,1,1,0,0,4.961580276489258,4.961580276489258,4.961580276489258,94.60745614035088,1,0,0,0,0,0,0,0,1,0
supplemental_still,still:914f8228e99602a9d71ae2f4f9796ddcc5122a5011fc49b05dd4a079bea8b5b7,,1,1,1,0,0,9.35876750946045,9.35876750946045,9.35876750946045,93.76486354775828,1,0,0,0,0,0,1,0,0,0
supplemental_still,still:929f498adea2a9e6b64e3ab3efb5f3c751db5b7a45df2883e4012473e993cd8d,,1,1,1,0,0,-41.31277084350586,-41.31277084350586,-41.31277084350586,69.22017335127389,0,1,0,0,0,0,0,1,0,0
supplemental_still,still:9d0903274b427c66e064f12ca61d2902ec4177fc3c665aa9917ebadf66c973f6,,1,1,1,0,0,-7.151295185089111,-7.151295185089111,-7.151295185089111,93.36232943469786,1,0,0,0,0,0,0,0,1,0
supplemental_still,still:9f4b634a607a78ba43ccadab3bd406113bae311413d986245238c4d14bf6902c,,1,1,1,0,0,17.806100845336914,17.806100845336914,17.806100845336914,93.68104288499025,0,0,1,0,0,0,0,1,0,0
supplemental_still,still:a0187e624e4d50d20edcb5cd1acc1e6c644a896dae14b98fdc748d2daa502645,,1,1,1,0,0,-28.5452938079834,-28.5452938079834,-28.5452938079834,92.32172920560801,0,1,0,0,0,0,1,0,0,0
supplemental_still,still:b00b7424e495a3008ed527dad58967eb5ec58d47c7126c9388c29d4821b1a608,,1,1,1,0,0,21.37569236755371,21.37569236755371,21.37569236755371,94.45735867446393,0,0,1,0,0,0,0,1,0,0
supplemental_still,still:b3239ae3f3571b39c42e48cf3e6a3a2ca0f78f19a0620f6f8c8715187ef2835e,,1,1,1,0,0,-18.147489547729492,-18.147489547729492,-18.147489547729492,87.02262851259289,0,1,0,0,0,0,0,1,0,0
supplemental_still,still:c10bde558c9ee0e1d92019cd35725988a13099309e682aa93395101c19f27f03,,1,1,0,1,0,,,,70.89358632437208,0,0,0,0,0,1,1,0,0,0
supplemental_still,still:c2fcbe37c8c289aacb378c9fa17cc89df816d72d3a96c50f69bb2660d850368e,,1,1,1,0,0,62.29171371459961,62.29171371459961,62.29171371459961,0.0,0,0,0,0,1,0,0,1,0,0
supplemental_still,still:c4ddd636159cacc32e7d0fab42fd6069d8c5aba60b930399c5f2d3ea49bf2e5e,,1,1,1,0,0,-22.203645706176758,-22.203645706176758,-22.203645706176758,93.51778752436647,0,1,0,0,0,0,1,0,0,0
supplemental_still,still:c57f8bd0fcb184c2fffa1c85b8fadbe6768b8f8b3835c50c6c583b8677d957f1,,1,1,1,0,0,9.503662109375,9.503662109375,9.503662109375,70.26161144230497,1,0,0,0,0,0,0,0,1,0
supplemental_still,still:ca5b6f723dff330e6dcaa087927cc16683eff75cae8019b43c04386117c9c931,,1,1,1,0,0,-11.041080474853516,-11.041080474853516,-11.041080474853516,78.79251770102839,1,0,0,0,0,0,0,0,1,0
supplemental_still,still:ccbea4421970d01964abd42afc4edb6a730d04e12206af8eb7494f82553bade6,,1,1,1,0,0,-16.917428970336914,-16.917428970336914,-16.917428970336914,91.81949399934288,0,1,0,0,0,0,1,0,0,0
supplemental_still,still:ce96ca9f1169a10beac00bc5e098f956629374b3d62bd63f6d3fbfd03de1b6fe,,1,1,1,0,0,-24.48965072631836,-24.48965072631836,-24.48965072631836,92.3740253411306,0,1,0,0,0,0,0,1,0,0
supplemental_still,still:da9f2740e721b0ee72b797b2b74cb69a24c4171736edb29eb07eeac6a2a726ca,,1,1,1,0,0,29.566797256469727,29.566797256469727,29.566797256469727,84.22362621278778,0,0,1,0,0,0,0,1,0,0
supplemental_still,still:dc9ea3ccdfa2b31227715069579327efef5b183f906bd7a613b2916404b02595,,1,1,1,0,0,5.300052642822266,5.300052642822266,5.300052642822266,93.95540935672514,1,0,0,0,0,0,0,1,0,0
supplemental_still,still:e08a6b7a2c2c68f6a312a5d6edadd218afdb9c13197e19148413e123c322c05b,,1,1,1,0,0,-14.309971809387207,-14.309971809387207,-14.309971809387207,80.0111335023752,1,0,0,0,0,0,0,0,1,0
supplemental_still,still:eccda1ac898b0071e7a7e5e555b6a5950d377ddba1bd62d84c5dcbb4de5bec42,,1,1,1,0,0,1.4222817420959473,1.4222817420959473,1.4222817420959473,86.65402398198408,1,0,0,0,0,0,1,0,0,0
supplemental_still,still:ee9dddef4cb239ed4ee462efab5f1c298c382ceb3d46b9c0bc739671b40af700,,1,1,1,0,0,-8.825630187988281,-8.825630187988281,-8.825630187988281,94.2838693957115,1,0,0,0,0,0,0,0,1,0
supplemental_still,still:eec26220770cc91fb2d77dc2718a6f4c6752ccb07e02fe03b31dab942f3c9094,,1,1,1,0,0,14.64816951751709,14.64816951751709,14.64816951751709,93.82383040935673,1,0,0,0,0,0,0,0,1,0
supplemental_still,still:f4a1cf625d5e5e85df26685d4974a075bdbd906b9df54a0749f5f9c763fd3af8,,1,0,0,0,0,,,,,0,0,0,0,0,0,0,0,0,0
