step_name,final_filename,original_filename,frame_id,source_path,original_source_path,image_sha256,packaging_image_sha256,dataset_generation_id,step8_review_session_id,packaging_input_kind,shot_type,pose_bucket,width,height,aligned_width,aligned_height,restoration_status,clothing_desc,hair_desc,expression_desc,bg_desc,lighting_desc,flux_caption,tags_caption
STEP10_PACKAGING,sasha_rh_01.png,スクリーンショット 2026-09-30 110631.png,Sash_high_identity-img/スクリーンショット 2026-09-30 110631.png,C:\Users\maruk\Documents\Genelate_img\Sasha_re_codex\real_human_lora\work\frames_raw\Sash_high_identity-img\スクリーンショット 2026-09-30 110631.png,C:\Users\maruk\Documents\Genelate_img\Sasha_re_codex\real_human_lora\work\frames_raw\Sash_high_identity-img\スクリーンショット 2026-09-30 110631.png,6ffe9d03f9da2515801fad6dfb9f8cf045d65c4b9afff09930e42745a586d558,6ffe9d03f9da2515801fad6dfb9f8cf045d65c4b9afff09930e42745a586d558,b09674fe16b281285380bd5ae7c3d3585b2f787347d7672c74dd053bbbc968c4,0aee90574e714fb5b6d50709136243fa,STEP8_ORIGINAL,UPPER_BODY,LEFT_PROFILE,1440,1858,1440,1856,SKIPPED_NOT_NEEDED,wearing an oversized comfortable hoodie,hair tied up in a neat ponytail,serious focused expression,studio environment with neutral clean background,clean professional studio lighting,"upper body portrait of sasha_rh, a young woman, in full left side profile view, serious focused expression, wearing an oversized comfortable hoodie, hair tied up in a neat ponytail, studio environment with neutral clean background, clean professional studio lighting, high detail, authentic raw skin texture, 8k photo","sasha_rh, 1girl, solo, upper body, left profile, serious focused expression, wearing an oversized comfortable hoodie, hair tied up in a neat ponytail, studio environment with neutral clean background, clean professional studio lighting, photorealistic"
STEP10_PACKAGING,sasha_rh_02.png,スクリーンショット 2026-09-30 105042.png,Sash_high_identity-img/スクリーンショット 2026-09-30 105042.png,C:\Users\maruk\Documents\Genelate_img\Sasha_re_codex\real_human_lora\work\frames_raw\Sash_high_identity-img\スクリーンショット 2026-09-30 105042.png,C:\Users\maruk\Documents\Genelate_img\Sasha_re_codex\real_human_lora\work\frames_raw\Sash_high_identity-img\スクリーンショット 2026-09-30 105042.png,b00b7424e495a3008ed527dad58967eb5ec58d47c7126c9388c29d4821b1a608,b00b7424e495a3008ed527dad58967eb5ec58d47c7126c9388c29d4821b1a608,b09674fe16b281285380bd5ae7c3d3585b2f787347d7672c74dd053bbbc968c4,0aee90574e714fb5b6d50709136243fa,STEP8_ORIGINAL,UPPER_BODY,RIGHT_3Q,1440,2094,1440,2096,SKIPPED_NOT_NEEDED,wearing a casual white t-shirt,wavy brunette hair with natural texture,gentle warm smile looking at camera,studio environment with neutral clean background,bright airy window light,"upper body portrait of sasha_rh, a young woman, turned slightly in three-quarter view to the right, gentle warm smile looking at camera, wearing a casual white t-shirt, wavy brunette hair with natural texture, studio environment with neutral clean background, bright airy window light, high detail, authentic raw skin texture, 8k photo","sasha_rh, 1girl, solo, upper body, right 3q, gentle warm smile looking at camera, wearing a casual white t-shirt, wavy brunette hair with natural texture, studio environment with neutral clean background, bright airy window light, photorealistic"
STEP10_PACKAGING,sasha_rh_03.png,652794808_18008722232838431_6335316425841053458_n.jpg,Sash_high_identity-img/652794808_18008722232838431_6335316425841053458_n.jpg,C:\Users\maruk\Documents\Genelate_img\Sasha_re_codex\real_human_lora\work\frames_raw\Sash_high_identity-img\652794808_18008722232838431_6335316425841053458_n.jpg,C:\Users\maruk\Documents\Genelate_img\Sasha_re_codex\real_human_lora\work\frames_raw\Sash_high_identity-img\652794808_18008722232838431_6335316425841053458_n.jpg,7e79954866df79ee93eb2603785c36d6dc37308bb7965c8f72d004fc1da683f1,7e79954866df79ee93eb2603785c36d6dc37308bb7965c8f72d004fc1da683f1,b09674fe16b281285380bd5ae7c3d3585b2f787347d7672c74dd053bbbc968c4,0aee90574e714fb5b6d50709136243fa,STEP8_ORIGINAL,CLOSE_UP,FRONT,1440,1800,1440,1808,SKIPPED_NOT_NEEDED,wearing a warm knitted sweater,natural textured hair,calm neutral expression with soft gaze,studio environment with neutral clean background,clean professional studio lighting,"extreme close-up portrait of sasha_rh, a young woman, facing forward towards camera, calm neutral expression with soft gaze, wearing a warm knitted sweater, natural textured hair, studio environment with neutral clean background, clean professional studio lighting, high detail, authentic raw skin texture, 8k photo","sasha_rh, 1girl, solo, close up, front, calm neutral expression with soft gaze, wearing a warm knitted sweater, natural textured hair, studio environment with neutral clean background, clean professional studio lighting, photorealistic"
STEP10_PACKAGING,sasha_rh_04.png,スクリーンショット 2026-09-30 111838.png,Sash_high_identity-img/スクリーンショット 2026-09-30 111838.png,C:\Users\maruk\Documents\Genelate_img\Sasha_re_codex\real_human_lora\work\frames_raw\Sash_high_identity-img\スクリーンショット 2026-09-30 111838.png,C:\Users\maruk\Documents\Genelate_img\Sasha_re_codex\real_human_lora\work\frames_raw\Sash_high_identity-img\スクリーンショット 2026-09-30 111838.png,8ad01e4df7a74e7d3c853f1976fff086c8607af47f79d8bf0c4212b7f367932a,8ad01e4df7a74e7d3c853f1976fff086c8607af47f79d8bf0c4212b7f367932a,b09674fe16b281285380bd5ae7c3d3585b2f787347d7672c74dd053bbbc968c4,0aee90574e714fb5b6d50709136243fa,STEP8_ORIGINAL,FULL_BODY,LEFT_3Q,1440,1940,1440,1936,SKIPPED_NOT_NEEDED,wearing a floral summer dress,long dark hair falling over shoulders,calm neutral expression with soft gaze,sunlit room with window shadows in background,bright airy window light,"full body wide shot of sasha_rh, a young woman, turned slightly in three-quarter view to the left, calm neutral expression with soft gaze, wearing a floral summer dress, long dark hair falling over shoulders, sunlit room with window shadows in background, bright airy window light, high detail, authentic raw skin texture, 8k photo","sasha_rh, 1girl, solo, full body, left 3q, calm neutral expression with soft gaze, wearing a floral summer dress, long dark hair falling over shoulders, sunlit room with window shadows in background, bright airy window light, photorealistic"
STEP10_PACKAGING,sasha_rh_05.png,スクリーンショット 2026-09-30 105148.png,Sash_high_identity-img/スクリーンショット 2026-09-30 105148.png,C:\Users\maruk\Documents\Genelate_img\Sasha_re_codex\real_human_lora\work\frames_raw\Sash_high_identity-img\スクリーンショット 2026-09-30 105148.png,C:\Users\maruk\Documents\Genelate_img\Sasha_re_codex\real_human_lora\work\frames_raw\Sash_high_identity-img\スクリーンショット 2026-09-30 105148.png,42d1c0835c99d8c65838be3837379c1b787341efd5be8282aa94540a17ba85a5,42d1c0835c99d8c65838be3837379c1b787341efd5be8282aa94540a17ba85a5,b09674fe16b281285380bd5ae7c3d3585b2f787347d7672c74dd053bbbc968c4,0aee90574e714fb5b6d50709136243fa,STEP8_ORIGINAL,UPPER_BODY,RIGHT_3Q,1440,2412,1440,2416,SKIPPED_NOT_NEEDED,wearing a casual white t-shirt,wavy brunette hair with natural texture,calm neutral expression with soft gaze,studio environment with neutral clean background,bright airy window light,"upper body portrait of sasha_rh, a young woman, turned slightly in three-quarter view to the right, calm neutral expression with soft gaze, wearing a casual white t-shirt, wavy brunette hair with natural texture, studio environment with neutral clean background, bright airy window light, high detail, authentic raw skin texture, 8k photo","sasha_rh, 1girl, solo, upper body, right 3q, calm neutral expression with soft gaze, wearing a casual white t-shirt, wavy brunette hair with natural texture, studio environment with neutral clean background, bright airy window light, photorealistic"
STEP10_PACKAGING,sasha_rh_06.png,SaveTik.co_7543503138088537379_2.jpeg,Sash_high_identity-img/SaveTik.co_7543503138088537379_2.jpeg,C:\Users\maruk\Documents\Genelate_img\Sasha_re_codex\real_human_lora\work\frames_raw\Sash_high_identity-img\SaveTik.co_7543503138088537379_2.jpeg,C:\Users\maruk\Documents\Genelate_img\Sasha_re_codex\real_human_lora\work\frames_raw\Sash_high_identity-img\SaveTik.co_7543503138088537379_2.jpeg,eec26220770cc91fb2d77dc2718a6f4c6752ccb07e02fe03b31dab942f3c9094,eec26220770cc91fb2d77dc2718a6f4c6752ccb07e02fe03b31dab942f3c9094,b09674fe16b281285380bd5ae7c3d3585b2f787347d7672c74dd053bbbc968c4,0aee90574e714fb5b6d50709136243fa,STEP8_ORIGINAL,FULL_BODY,FRONT,1440,1920,1440,1920,SKIPPED_NOT_NEEDED,wearing a casual white t-shirt,hair tied up in a neat ponytail,gentle warm smile looking at camera,studio environment with neutral clean background,clean professional studio lighting,"full body wide shot of sasha_rh, a young woman, facing forward towards camera, gentle warm smile looking at camera, wearing a casual white t-shirt, hair tied up in a neat ponytail, studio environment with neutral clean background, clean professional studio lighting, high detail, authentic raw skin texture, 8k photo","sasha_rh, 1girl, solo, full body, front, gentle warm smile looking at camera, wearing a casual white t-shirt, hair tied up in a neat ponytail, studio environment with neutral clean background, clean professional studio lighting, photorealistic"
STEP10_PACKAGING,sasha_rh_07.png,654025529_18101141824898533_326058541450589604_n.jpg,Sash_high_identity-img/654025529_18101141824898533_326058541450589604_n.jpg,C:\Users\maruk\Documents\Genelate_img\Sasha_re_codex\real_human_lora\work\frames_raw\Sash_high_identity-img\654025529_18101141824898533_326058541450589604_n.jpg,C:\Users\maruk\Documents\Genelate_img\Sasha_re_codex\real_human_lora\work\frames_raw\Sash_high_identity-img\654025529_18101141824898533_326058541450589604_n.jpg,914f8228e99602a9d71ae2f4f9796ddcc5122a5011fc49b05dd4a079bea8b5b7,914f8228e99602a9d71ae2f4f9796ddcc5122a5011fc49b05dd4a079bea8b5b7,b09674fe16b281285380bd5ae7c3d3585b2f787347d7672c74dd053bbbc968c4,0aee90574e714fb5b6d50709136243fa,STEP8_ORIGINAL,CLOSE_UP,FRONT,1440,1799,1440,1792,SKIPPED_NOT_NEEDED,wearing an elegant black evening dress,natural textured hair,calm neutral expression with soft gaze,studio environment with neutral clean background,clean professional studio lighting,"extreme close-up portrait of sasha_rh, a young woman, facing forward towards camera, calm neutral expression with soft gaze, wearing an elegant black evening dress, natural textured hair, studio environment with neutral clean background, clean professional studio lighting, high detail, authentic raw skin texture, 8k photo","sasha_rh, 1girl, solo, close up, front, calm neutral expression with soft gaze, wearing an elegant black evening dress, natural textured hair, studio environment with neutral clean background, clean professional studio lighting, photorealistic"
STEP10_PACKAGING,sasha_rh_08.png,スクリーンショット 2026-09-30 105344.png,Sash_high_identity-img/スクリーンショット 2026-09-30 105344.png,C:\Users\maruk\Documents\Genelate_img\Sasha_re_codex\real_human_lora\work\frames_raw\Sash_high_identity-img\スクリーンショット 2026-09-30 105344.png,C:\Users\maruk\Documents\Genelate_img\Sasha_re_codex\real_human_lora\work\frames_raw\Sash_high_identity-img\スクリーンショット 2026-09-30 105344.png,4dbced93c1e4d05b516c65feef30da7cc9bfa6917f24e4e54927dfdd2e592a85,4dbced93c1e4d05b516c65feef30da7cc9bfa6917f24e4e54927dfdd2e592a85,b09674fe16b281285380bd5ae7c3d3585b2f787347d7672c74dd053bbbc968c4,0aee90574e714fb5b6d50709136243fa,STEP8_ORIGINAL,UPPER_BODY,FRONT,1440,2706,1440,2704,SKIPPED_NOT_NEEDED,wearing a warm knitted sweater,hair tied up in a neat ponytail,calm neutral expression with soft gaze,studio environment with neutral clean background,clean professional studio lighting,"upper body portrait of sasha_rh, a young woman, facing forward towards camera, calm neutral expression with soft gaze, wearing a warm knitted sweater, hair tied up in a neat ponytail, studio environment with neutral clean background, clean professional studio lighting, high detail, authentic raw skin texture, 8k photo","sasha_rh, 1girl, solo, upper body, front, calm neutral expression with soft gaze, wearing a warm knitted sweater, hair tied up in a neat ponytail, studio environment with neutral clean background, clean professional studio lighting, photorealistic"
STEP10_PACKAGING,sasha_rh_09.png,スクリーンショット 2026-09-30 110644.png,Sash_high_identity-img/スクリーンショット 2026-09-30 110644.png,C:\Users\maruk\Documents\Genelate_img\Sasha_re_codex\real_human_lora\work\frames_raw\Sash_high_identity-img\スクリーンショット 2026-09-30 110644.png,C:\Users\maruk\Documents\Genelate_img\Sasha_re_codex\real_human_lora\work\frames_raw\Sash_high_identity-img\スクリーンショット 2026-09-30 110644.png,c4ddd636159cacc32e7d0fab42fd6069d8c5aba60b930399c5f2d3ea49bf2e5e,c4ddd636159cacc32e7d0fab42fd6069d8c5aba60b930399c5f2d3ea49bf2e5e,b09674fe16b281285380bd5ae7c3d3585b2f787347d7672c74dd053bbbc968c4,0aee90574e714fb5b6d50709136243fa,STEP8_ORIGINAL,CLOSE_UP,LEFT_3Q,1440,2297,1440,2304,SKIPPED_NOT_NEEDED,wearing a warm knitted sweater,wavy brunette hair with natural texture,calm neutral expression with soft gaze,studio environment with neutral clean background,bright airy window light,"extreme close-up portrait of sasha_rh, a young woman, turned slightly in three-quarter view to the left, calm neutral expression with soft gaze, wearing a warm knitted sweater, wavy brunette hair with natural texture, studio environment with neutral clean background, bright airy window light, high detail, authentic raw skin texture, 8k photo","sasha_rh, 1girl, solo, close up, left 3q, calm neutral expression with soft gaze, wearing a warm knitted sweater, wavy brunette hair with natural texture, studio environment with neutral clean background, bright airy window light, photorealistic"
STEP10_PACKAGING,sasha_rh_10.png,Sasha_v23_001.png,Sasha_v23/Sasha_v23_001.png,C:\Users\maruk\Documents\Genelate_img\Sasha_re_codex\real_human_lora\work\frames_raw\Sasha_v23\Sasha_v23_001.png,C:\Users\maruk\Documents\Genelate_img\Sasha_re_codex\real_human_lora\work\frames_raw\Sasha_v23\Sasha_v23_001.png,8d189f91cdfbb280fe60fd325a5f5bc8a4888e2060de851791df8694c7b147b2,8d189f91cdfbb280fe60fd325a5f5bc8a4888e2060de851791df8694c7b147b2,bd72f194f62260fb728b77b26c75c5491b178908bff53393e197c11137bf9a40,0aee90574e714fb5b6d50709136243fa,STEP8_ORIGINAL,UPPER_BODY,LEFT_PROFILE,2160,3840,2160,3840,SKIPPED_NOT_NEEDED,wearing a floral summer dress,hair tied up in a neat ponytail,serious focused expression,studio environment with neutral clean background,soft golden hour sunlight with gentle shadows,"upper body portrait of sasha_rh, a young woman, in full left side profile view, serious focused expression, wearing a floral summer dress, hair tied up in a neat ponytail, studio environment with neutral clean background, soft golden hour sunlight with gentle shadows, high detail, authentic raw skin texture, 8k photo","sasha_rh, 1girl, solo, upper body, left profile, serious focused expression, wearing a floral summer dress, hair tied up in a neat ponytail, studio environment with neutral clean background, soft golden hour sunlight with gentle shadows, photorealistic"
STEP10_PACKAGING,sasha_rh_11.png,スクリーンショット 2026-09-30 111248.png,Sash_high_identity-img/スクリーンショット 2026-09-30 111248.png,C:\Users\maruk\Documents\Genelate_img\Sasha_re_codex\real_human_lora\work\frames_raw\Sash_high_identity-img\スクリーンショット 2026-09-30 111248.png,C:\Users\maruk\Documents\Genelate_img\Sasha_re_codex\real_human_lora\work\frames_raw\Sash_high_identity-img\スクリーンショット 2026-09-30 111248.png,9d0903274b427c66e064f12ca61d2902ec4177fc3c665aa9917ebadf66c973f6,9d0903274b427c66e064f12ca61d2902ec4177fc3c665aa9917ebadf66c973f6,b09674fe16b281285380bd5ae7c3d3585b2f787347d7672c74dd053bbbc968c4,0aee90574e714fb5b6d50709136243fa,STEP8_ORIGINAL,FULL_BODY,FRONT,1440,3057,1440,3056,SKIPPED_NOT_NEEDED,wearing casual modern streetwear,long dark hair falling over shoulders,calm neutral expression with soft gaze,studio environment with neutral clean background,bright airy window light,"full body wide shot of sasha_rh, a young woman, facing forward towards camera, calm neutral expression with soft gaze, wearing casual modern streetwear, long dark hair falling over shoulders, studio environment with neutral clean background, bright airy window light, high detail, authentic raw skin texture, 8k photo","sasha_rh, 1girl, solo, full body, front, calm neutral expression with soft gaze, wearing casual modern streetwear, long dark hair falling over shoulders, studio environment with neutral clean background, bright airy window light, photorealistic"
STEP10_PACKAGING,sasha_rh_12.png,スクリーンショット 2026-09-30 111038.png,Sash_high_identity-img/スクリーンショット 2026-09-30 111038.png,C:\Users\maruk\Documents\Genelate_img\Sasha_re_codex\real_human_lora\work\frames_raw\Sash_high_identity-img\スクリーンショット 2026-09-30 111038.png,C:\Users\maruk\Documents\Genelate_img\Sasha_re_codex\real_human_lora\work\frames_raw\Sash_high_identity-img\スクリーンショット 2026-09-30 111038.png,82329e6ebf99d44898b69126cd292a9b8a604eaf6df70247fdbbea04ecb551c8,82329e6ebf99d44898b69126cd292a9b8a604eaf6df70247fdbbea04ecb551c8,b09674fe16b281285380bd5ae7c3d3585b2f787347d7672c74dd053bbbc968c4,0aee90574e714fb5b6d50709136243fa,STEP8_ORIGINAL,UPPER_BODY,LEFT_3Q,1440,2270,1440,2272,SKIPPED_NOT_NEEDED,wearing a warm knitted sweater,natural textured hair,calm neutral expression with soft gaze,studio environment with neutral clean background,clean professional studio lighting,"upper body portrait of sasha_rh, a young woman, turned slightly in three-quarter view to the left, calm neutral expression with soft gaze, wearing a warm knitted sweater, natural textured hair, studio environment with neutral clean background, clean professional studio lighting, high detail, authentic raw skin texture, 8k photo","sasha_rh, 1girl, solo, upper body, left 3q, calm neutral expression with soft gaze, wearing a warm knitted sweater, natural textured hair, studio environment with neutral clean background, clean professional studio lighting, photorealistic"
STEP10_PACKAGING,sasha_rh_13.png,スクリーンショット 2026-09-30 111214.png,Sash_high_identity-img/スクリーンショット 2026-09-30 111214.png,C:\Users\maruk\Documents\Genelate_img\Sasha_re_codex\real_human_lora\work\frames_raw\Sash_high_identity-img\スクリーンショット 2026-09-30 111214.png,C:\Users\maruk\Documents\Genelate_img\Sasha_re_codex\real_human_lora\work\frames_raw\Sash_high_identity-img\スクリーンショット 2026-09-30 111214.png,8eddea217ac67630f87aa72c7322ab5c14f654135e0a7c2102687c4a173b1086,8eddea217ac67630f87aa72c7322ab5c14f654135e0a7c2102687c4a173b1086,b09674fe16b281285380bd5ae7c3d3585b2f787347d7672c74dd053bbbc968c4,0aee90574e714fb5b6d50709136243fa,STEP8_ORIGINAL,UPPER_BODY,FRONT,1440,2847,1440,2848,SKIPPED_NOT_NEEDED,wearing a warm knitted sweater,hair tied up in a neat ponytail,gentle warm smile looking at camera,studio environment with neutral clean background,bright airy window light,"upper body portrait of sasha_rh, a young woman, facing forward towards camera, gentle warm smile looking at camera, wearing a warm knitted sweater, hair tied up in a neat ponytail, studio environment with neutral clean background, bright airy window light, high detail, authentic raw skin texture, 8k photo","sasha_rh, 1girl, solo, upper body, front, gentle warm smile looking at camera, wearing a warm knitted sweater, hair tied up in a neat ponytail, studio environment with neutral clean background, bright airy window light, photorealistic"
STEP10_PACKAGING,sasha_rh_14.png,スクリーンショット 2026-09-30 111403.png,Sash_high_identity-img/スクリーンショット 2026-09-30 111403.png,C:\Users\maruk\Documents\Genelate_img\Sasha_re_codex\real_human_lora\work\frames_raw\Sash_high_identity-img\スクリーンショット 2026-09-30 111403.png,C:\Users\maruk\Documents\Genelate_img\Sasha_re_codex\real_human_lora\work\frames_raw\Sash_high_identity-img\スクリーンショット 2026-09-30 111403.png,58c342a9abcf28674abf22911d8e2425fadcb8fa603bb677ab6b5cb4dc61e082,58c342a9abcf28674abf22911d8e2425fadcb8fa603bb677ab6b5cb4dc61e082,b09674fe16b281285380bd5ae7c3d3585b2f787347d7672c74dd053bbbc968c4,0aee90574e714fb5b6d50709136243fa,STEP8_ORIGINAL,UPPER_BODY,FRONT,1440,2680,1440,2688,SKIPPED_NOT_NEEDED,wearing a stylish black top,hair tied up in a neat ponytail,calm neutral expression with soft gaze,studio environment with neutral clean background,clean professional studio lighting,"upper body portrait of sasha_rh, a young woman, facing forward towards camera, calm neutral expression with soft gaze, wearing a stylish black top, hair tied up in a neat ponytail, studio environment with neutral clean background, clean professional studio lighting, high detail, authentic raw skin texture, 8k photo","sasha_rh, 1girl, solo, upper body, front, calm neutral expression with soft gaze, wearing a stylish black top, hair tied up in a neat ponytail, studio environment with neutral clean background, clean professional studio lighting, photorealistic"
STEP10_PACKAGING,sasha_rh_15.png,スクリーンショット 2026-09-30 112018.png,Sash_high_identity-img/スクリーンショット 2026-09-30 112018.png,C:\Users\maruk\Documents\Genelate_img\Sasha_re_codex\real_human_lora\work\frames_raw\Sash_high_identity-img\スクリーンショット 2026-09-30 112018.png,C:\Users\maruk\Documents\Genelate_img\Sasha_re_codex\real_human_lora\work\frames_raw\Sash_high_identity-img\スクリーンショット 2026-09-30 112018.png,ce96ca9f1169a10beac00bc5e098f956629374b3d62bd63f6d3fbfd03de1b6fe,ce96ca9f1169a10beac00bc5e098f956629374b3d62bd63f6d3fbfd03de1b6fe,b09674fe16b281285380bd5ae7c3d3585b2f787347d7672c74dd053bbbc968c4,0aee90574e714fb5b6d50709136243fa,STEP8_ORIGINAL,UPPER_BODY,LEFT_3Q,1440,2536,1440,2544,SKIPPED_NOT_NEEDED,wearing casual modern streetwear,hair tied up in a neat ponytail,calm neutral expression with soft gaze,studio environment with neutral clean background,clean professional studio lighting,"upper body portrait of sasha_rh, a young woman, turned slightly in three-quarter view to the left, calm neutral expression with soft gaze, wearing casual modern streetwear, hair tied up in a neat ponytail, studio environment with neutral clean background, clean professional studio lighting, high detail, authentic raw skin texture, 8k photo","sasha_rh, 1girl, solo, upper body, left 3q, calm neutral expression with soft gaze, wearing casual modern streetwear, hair tied up in a neat ponytail, studio environment with neutral clean background, clean professional studio lighting, photorealistic"
STEP10_PACKAGING,sasha_rh_16.png,スクリーンショット 2026-09-30 110609.png,Sash_high_identity-img/スクリーンショット 2026-09-30 110609.png,C:\Users\maruk\Documents\Genelate_img\Sasha_re_codex\real_human_lora\work\frames_raw\Sash_high_identity-img\スクリーンショット 2026-09-30 110609.png,C:\Users\maruk\Documents\Genelate_img\Sasha_re_codex\real_human_lora\work\frames_raw\Sash_high_identity-img\スクリーンショット 2026-09-30 110609.png,a0187e624e4d50d20edcb5cd1acc1e6c644a896dae14b98fdc748d2daa502645,a0187e624e4d50d20edcb5cd1acc1e6c644a896dae14b98fdc748d2daa502645,b09674fe16b281285380bd5ae7c3d3585b2f787347d7672c74dd053bbbc968c4,0aee90574e714fb5b6d50709136243fa,STEP8_ORIGINAL,CLOSE_UP,LEFT_3Q,1440,1921,1440,1920,SKIPPED_NOT_NEEDED,wearing an oversized comfortable hoodie,hair tied up in a neat ponytail,gentle warm smile looking at camera,studio environment with neutral clean background,clean professional studio lighting,"extreme close-up portrait of sasha_rh, a young woman, turned slightly in three-quarter view to the left, gentle warm smile looking at camera, wearing an oversized comfortable hoodie, hair tied up in a neat ponytail, studio environment with neutral clean background, clean professional studio lighting, high detail, authentic raw skin texture, 8k photo","sasha_rh, 1girl, solo, close up, left 3q, gentle warm smile looking at camera, wearing an oversized comfortable hoodie, hair tied up in a neat ponytail, studio environment with neutral clean background, clean professional studio lighting, photorealistic"
STEP10_PACKAGING,sasha_rh_17.png,スクリーンショット 2026-09-30 110439.png,Sash_high_identity-img/スクリーンショット 2026-09-30 110439.png,C:\Users\maruk\Documents\Genelate_img\Sasha_re_codex\real_human_lora\work\frames_raw\Sash_high_identity-img\スクリーンショット 2026-09-30 110439.png,C:\Users\maruk\Documents\Genelate_img\Sasha_re_codex\real_human_lora\work\frames_raw\Sash_high_identity-img\スクリーンショット 2026-09-30 110439.png,16bb9d481f23ed13e9e856fbe29858cf11db3a1f314dcac577aed1066e270119,16bb9d481f23ed13e9e856fbe29858cf11db3a1f314dcac577aed1066e270119,b09674fe16b281285380bd5ae7c3d3585b2f787347d7672c74dd053bbbc968c4,0aee90574e714fb5b6d50709136243fa,STEP8_ORIGINAL,UPPER_BODY,RIGHT_3Q,1440,1975,1440,1968,SKIPPED_NOT_NEEDED,wearing an elegant black evening dress,hair tied up in a neat ponytail,gentle warm smile looking at camera,sunlit room with window shadows in background,bright airy window light,"upper body portrait of sasha_rh, a young woman, turned slightly in three-quarter view to the right, gentle warm smile looking at camera, wearing an elegant black evening dress, hair tied up in a neat ponytail, sunlit room with window shadows in background, bright airy window light, high detail, authentic raw skin texture, 8k photo","sasha_rh, 1girl, solo, upper body, right 3q, gentle warm smile looking at camera, wearing an elegant black evening dress, hair tied up in a neat ponytail, sunlit room with window shadows in background, bright airy window light, photorealistic"
STEP10_PACKAGING,sasha_rh_18.png,スクリーンショット 2026-09-30 110314.png,Sash_high_identity-img/スクリーンショット 2026-09-30 110314.png,C:\Users\maruk\Documents\Genelate_img\Sasha_re_codex\real_human_lora\work\frames_raw\Sash_high_identity-img\スクリーンショット 2026-09-30 110314.png,C:\Users\maruk\Documents\Genelate_img\Sasha_re_codex\real_human_lora\work\frames_raw\Sash_high_identity-img\スクリーンショット 2026-09-30 110314.png,8a0196bb5640a5fba0510741f1cdb5f6faaa258ae90716a61349945c95a035ec,8a0196bb5640a5fba0510741f1cdb5f6faaa258ae90716a61349945c95a035ec,b09674fe16b281285380bd5ae7c3d3585b2f787347d7672c74dd053bbbc968c4,0aee90574e714fb5b6d50709136243fa,STEP8_ORIGINAL,UPPER_BODY,FRONT,1541,1440,1536,1440,SKIPPED_NOT_NEEDED,wearing casual modern streetwear,hair tied up in a neat ponytail,calm neutral expression with soft gaze,studio environment with neutral clean background,clean professional studio lighting,"upper body portrait of sasha_rh, a young woman, facing forward towards camera, calm neutral expression with soft gaze, wearing casual modern streetwear, hair tied up in a neat ponytail, studio environment with neutral clean background, clean professional studio lighting, high detail, authentic raw skin texture, 8k photo","sasha_rh, 1girl, solo, upper body, front, calm neutral expression with soft gaze, wearing casual modern streetwear, hair tied up in a neat ponytail, studio environment with neutral clean background, clean professional studio lighting, photorealistic"
STEP10_PACKAGING,sasha_rh_19.png,スクリーンショット 2026-09-30 110734.png,Sash_high_identity-img/スクリーンショット 2026-09-30 110734.png,C:\Users\maruk\Documents\Genelate_img\Sasha_re_codex\real_human_lora\work\frames_raw\Sash_high_identity-img\スクリーンショット 2026-09-30 110734.png,C:\Users\maruk\Documents\Genelate_img\Sasha_re_codex\real_human_lora\work\frames_raw\Sash_high_identity-img\スクリーンショット 2026-09-30 110734.png,0eada9a3cf06146442f336116d5d12c367c7a9eff1948b7c58e6c467749e0a9b,0eada9a3cf06146442f336116d5d12c367c7a9eff1948b7c58e6c467749e0a9b,b09674fe16b281285380bd5ae7c3d3585b2f787347d7672c74dd053bbbc968c4,0aee90574e714fb5b6d50709136243fa,STEP8_ORIGINAL,CLOSE_UP,FRONT,1440,2510,1440,2512,SKIPPED_NOT_NEEDED,wearing a floral summer dress,natural textured hair,calm neutral expression with soft gaze,studio environment with neutral clean background,bright airy window light,"extreme close-up portrait of sasha_rh, a young woman, facing forward towards camera, calm neutral expression with soft gaze, wearing a floral summer dress, natural textured hair, studio environment with neutral clean background, bright airy window light, high detail, authentic raw skin texture, 8k photo","sasha_rh, 1girl, solo, close up, front, calm neutral expression with soft gaze, wearing a floral summer dress, natural textured hair, studio environment with neutral clean background, bright airy window light, photorealistic"
STEP10_PACKAGING,sasha_rh_20.png,スクリーンショット 2026-09-30 111314.png,Sash_high_identity-img/スクリーンショット 2026-09-30 111314.png,C:\Users\maruk\Documents\Genelate_img\Sasha_re_codex\real_human_lora\work\frames_raw\Sash_high_identity-img\スクリーンショット 2026-09-30 111314.png,C:\Users\maruk\Documents\Genelate_img\Sasha_re_codex\real_human_lora\work\frames_raw\Sash_high_identity-img\スクリーンショット 2026-09-30 111314.png,eccda1ac898b0071e7a7e5e555b6a5950d377ddba1bd62d84c5dcbb4de5bec42,eccda1ac898b0071e7a7e5e555b6a5950d377ddba1bd62d84c5dcbb4de5bec42,b09674fe16b281285380bd5ae7c3d3585b2f787347d7672c74dd053bbbc968c4,0aee90574e714fb5b6d50709136243fa,STEP8_ORIGINAL,CLOSE_UP,FRONT,1440,1677,1440,1680,SKIPPED_NOT_NEEDED,wearing a floral summer dress,wavy brunette hair with natural texture,calm neutral expression with soft gaze,studio environment with neutral clean background,bright airy window light,"extreme close-up portrait of sasha_rh, a young woman, facing forward towards camera, calm neutral expression with soft gaze, wearing a floral summer dress, wavy brunette hair with natural texture, studio environment with neutral clean background, bright airy window light, high detail, authentic raw skin texture, 8k photo","sasha_rh, 1girl, solo, close up, front, calm neutral expression with soft gaze, wearing a floral summer dress, wavy brunette hair with natural texture, studio environment with neutral clean background, bright airy window light, photorealistic"
STEP10_PACKAGING,sasha_rh_21.png,スクリーンショット 2026-09-30 111340.png,Sash_high_identity-img/スクリーンショット 2026-09-30 111340.png,C:\Users\maruk\Documents\Genelate_img\Sasha_re_codex\real_human_lora\work\frames_raw\Sash_high_identity-img\スクリーンショット 2026-09-30 111340.png,C:\Users\maruk\Documents\Genelate_img\Sasha_re_codex\real_human_lora\work\frames_raw\Sash_high_identity-img\スクリーンショット 2026-09-30 111340.png,4dcea64e759071488186391c35a7cca65df7deafc8386a2adcc3db30a5476efb,4dcea64e759071488186391c35a7cca65df7deafc8386a2adcc3db30a5476efb,b09674fe16b281285380bd5ae7c3d3585b2f787347d7672c74dd053bbbc968c4,0aee90574e714fb5b6d50709136243fa,STEP8_ORIGINAL,CLOSE_UP,RIGHT_3Q,1440,2725,1440,2720,SKIPPED_NOT_NEEDED,wearing an elegant black evening dress,hair tied up in a neat ponytail,calm neutral expression with soft gaze,studio environment with neutral clean background,bright airy window light,"extreme close-up portrait of sasha_rh, a young woman, turned slightly in three-quarter view to the right, calm neutral expression with soft gaze, wearing an elegant black evening dress, hair tied up in a neat ponytail, studio environment with neutral clean background, bright airy window light, high detail, authentic raw skin texture, 8k photo","sasha_rh, 1girl, solo, close up, right 3q, calm neutral expression with soft gaze, wearing an elegant black evening dress, hair tied up in a neat ponytail, studio environment with neutral clean background, bright airy window light, photorealistic"
STEP10_PACKAGING,sasha_rh_22.png,スクリーンショット 2026-09-30 111946.png,Sash_high_identity-img/スクリーンショット 2026-09-30 111946.png,C:\Users\maruk\Documents\Genelate_img\Sasha_re_codex\real_human_lora\work\frames_raw\Sash_high_identity-img\スクリーンショット 2026-09-30 111946.png,C:\Users\maruk\Documents\Genelate_img\Sasha_re_codex\real_human_lora\work\frames_raw\Sash_high_identity-img\スクリーンショット 2026-09-30 111946.png,da9f2740e721b0ee72b797b2b74cb69a24c4171736edb29eb07eeac6a2a726ca,da9f2740e721b0ee72b797b2b74cb69a24c4171736edb29eb07eeac6a2a726ca,b09674fe16b281285380bd5ae7c3d3585b2f787347d7672c74dd053bbbc968c4,0aee90574e714fb5b6d50709136243fa,STEP8_ORIGINAL,UPPER_BODY,RIGHT_3Q,1440,2693,1440,2688,SKIPPED_NOT_NEEDED,wearing athletic sportswear,hair tied up in a neat ponytail,calm neutral expression with soft gaze,studio environment with neutral clean background,bright airy window light,"upper body portrait of sasha_rh, a young woman, turned slightly in three-quarter view to the right, calm neutral expression with soft gaze, wearing athletic sportswear, hair tied up in a neat ponytail, studio environment with neutral clean background, bright airy window light, high detail, authentic raw skin texture, 8k photo","sasha_rh, 1girl, solo, upper body, right 3q, calm neutral expression with soft gaze, wearing athletic sportswear, hair tied up in a neat ponytail, studio environment with neutral clean background, bright airy window light, photorealistic"
STEP10_PACKAGING,sasha_rh_23.png,スクリーンショット 2026-09-30 110933.png,Sash_high_identity-img/スクリーンショット 2026-09-30 110933.png,C:\Users\maruk\Documents\Genelate_img\Sasha_re_codex\real_human_lora\work\frames_raw\Sash_high_identity-img\スクリーンショット 2026-09-30 110933.png,C:\Users\maruk\Documents\Genelate_img\Sasha_re_codex\real_human_lora\work\frames_raw\Sash_high_identity-img\スクリーンショット 2026-09-30 110933.png,039598d8883d320f0faf23e0a92e89930e7c8f4431dc8e385b759b5862aaab20,039598d8883d320f0faf23e0a92e89930e7c8f4431dc8e385b759b5862aaab20,b09674fe16b281285380bd5ae7c3d3585b2f787347d7672c74dd053bbbc968c4,0aee90574e714fb5b6d50709136243fa,STEP8_ORIGINAL,CLOSE_UP,RIGHT_3Q,1440,2241,1440,2240,SKIPPED_NOT_NEEDED,wearing athletic sportswear,hair tied up in a neat ponytail,calm neutral expression with soft gaze,studio environment with neutral clean background,clean professional studio lighting,"extreme close-up portrait of sasha_rh, a young woman, turned slightly in three-quarter view to the right, calm neutral expression with soft gaze, wearing athletic sportswear, hair tied up in a neat ponytail, studio environment with neutral clean background, clean professional studio lighting, high detail, authentic raw skin texture, 8k photo","sasha_rh, 1girl, solo, close up, right 3q, calm neutral expression with soft gaze, wearing athletic sportswear, hair tied up in a neat ponytail, studio environment with neutral clean background, clean professional studio lighting, photorealistic"
STEP10_PACKAGING,sasha_rh_24.png,スクリーンショット 2026-09-30 111857.png,Sash_high_identity-img/スクリーンショット 2026-09-30 111857.png,C:\Users\maruk\Documents\Genelate_img\Sasha_re_codex\real_human_lora\work\frames_raw\Sash_high_identity-img\スクリーンショット 2026-09-30 111857.png,C:\Users\maruk\Documents\Genelate_img\Sasha_re_codex\real_human_lora\work\frames_raw\Sash_high_identity-img\スクリーンショット 2026-09-30 111857.png,e08a6b7a2c2c68f6a312a5d6edadd218afdb9c13197e19148413e123c322c05b,e08a6b7a2c2c68f6a312a5d6edadd218afdb9c13197e19148413e123c322c05b,b09674fe16b281285380bd5ae7c3d3585b2f787347d7672c74dd053bbbc968c4,0aee90574e714fb5b6d50709136243fa,STEP8_ORIGINAL,FULL_BODY,FRONT,1440,2986,1440,2992,SKIPPED_NOT_NEEDED,wearing a floral summer dress,long dark hair falling over shoulders,gentle warm smile looking at camera,sunlit room with window shadows in background,soft golden hour sunlight with gentle shadows,"full body wide shot of sasha_rh, a young woman, facing forward towards camera, gentle warm smile looking at camera, wearing a floral summer dress, long dark hair falling over shoulders, sunlit room with window shadows in background, soft golden hour sunlight with gentle shadows, high detail, authentic raw skin texture, 8k photo","sasha_rh, 1girl, solo, full body, front, gentle warm smile looking at camera, wearing a floral summer dress, long dark hair falling over shoulders, sunlit room with window shadows in background, soft golden hour sunlight with gentle shadows, photorealistic"
STEP10_PACKAGING,sasha_rh_25.png,スクリーンショット 2026-09-30 105518.png,Sash_high_identity-img/スクリーンショット 2026-09-30 105518.png,C:\Users\maruk\Documents\Genelate_img\Sasha_re_codex\real_human_lora\work\frames_raw\Sash_high_identity-img\スクリーンショット 2026-09-30 105518.png,C:\Users\maruk\Documents\Genelate_img\Sasha_re_codex\real_human_lora\work\frames_raw\Sash_high_identity-img\スクリーンショット 2026-09-30 105518.png,ca5b6f723dff330e6dcaa087927cc16683eff75cae8019b43c04386117c9c931,ca5b6f723dff330e6dcaa087927cc16683eff75cae8019b43c04386117c9c931,b09674fe16b281285380bd5ae7c3d3585b2f787347d7672c74dd053bbbc968c4,0aee90574e714fb5b6d50709136243fa,STEP8_ORIGINAL,FULL_BODY,FRONT,1440,2043,1440,2048,SKIPPED_NOT_NEEDED,wearing a warm knitted sweater,hair tied up in a neat ponytail,calm neutral expression with soft gaze,studio environment with neutral clean background,bright airy window light,"full body wide shot of sasha_rh, a young woman, facing forward towards camera, calm neutral expression with soft gaze, wearing a warm knitted sweater, hair tied up in a neat ponytail, studio environment with neutral clean background, bright airy window light, high detail, authentic raw skin texture, 8k photo","sasha_rh, 1girl, solo, full body, front, calm neutral expression with soft gaze, wearing a warm knitted sweater, hair tied up in a neat ponytail, studio environment with neutral clean background, bright airy window light, photorealistic"
STEP10_PACKAGING,sasha_rh_26.png,Sasha_v05_021.png,Sasha_v05/Sasha_v05_021.png,C:\Users\maruk\Documents\Genelate_img\Sasha_re_codex\real_human_lora\work\frames_raw\Sasha_v05\Sasha_v05_021.png,C:\Users\maruk\Documents\Genelate_img\Sasha_re_codex\real_human_lora\work\frames_raw\Sasha_v05\Sasha_v05_021.png,62833f8c8ab82df9d18b3fa299130e152fbe8e52505141860f8babece139ff68,62833f8c8ab82df9d18b3fa299130e152fbe8e52505141860f8babece139ff68,bd72f194f62260fb728b77b26c75c5491b178908bff53393e197c11137bf9a40,0aee90574e714fb5b6d50709136243fa,STEP8_ORIGINAL,FULL_BODY,FRONT,2160,3840,2160,3840,SKIPPED_NOT_NEEDED,wearing a casual white t-shirt,hair tied up in a neat ponytail,gentle warm smile looking at camera,studio environment with neutral clean background,clean professional studio lighting,"full body wide shot of sasha_rh, a young woman, facing forward towards camera, gentle warm smile looking at camera, wearing a casual white t-shirt, hair tied up in a neat ponytail, studio environment with neutral clean background, clean professional studio lighting, high detail, authentic raw skin texture, 8k photo","sasha_rh, 1girl, solo, full body, front, gentle warm smile looking at camera, wearing a casual white t-shirt, hair tied up in a neat ponytail, studio environment with neutral clean background, clean professional studio lighting, photorealistic"
STEP10_PACKAGING,sasha_rh_27.png,スクリーンショット 2026-09-30 110409.png,Sash_high_identity-img/スクリーンショット 2026-09-30 110409.png,C:\Users\maruk\Documents\Genelate_img\Sasha_re_codex\real_human_lora\work\frames_raw\Sash_high_identity-img\スクリーンショット 2026-09-30 110409.png,C:\Users\maruk\Documents\Genelate_img\Sasha_re_codex\real_human_lora\work\frames_raw\Sash_high_identity-img\スクリーンショット 2026-09-30 110409.png,572862e0937b5ab122f78853f6db2b5d3acdc3b1b2bc2662762e086a03b5107a,572862e0937b5ab122f78853f6db2b5d3acdc3b1b2bc2662762e086a03b5107a,b09674fe16b281285380bd5ae7c3d3585b2f787347d7672c74dd053bbbc968c4,0aee90574e714fb5b6d50709136243fa,STEP8_ORIGINAL,UPPER_BODY,LEFT_3Q,1440,2405,1440,2400,SKIPPED_NOT_NEEDED,wearing stylish casual clothes,hair tied up in a neat ponytail,calm neutral expression with soft gaze,studio environment with neutral clean background,clean professional studio lighting,"upper body portrait of sasha_rh, a young woman, turned slightly in three-quarter view to the left, calm neutral expression with soft gaze, wearing stylish casual clothes, hair tied up in a neat ponytail, studio environment with neutral clean background, clean professional studio lighting, high detail, authentic raw skin texture, 8k photo","sasha_rh, 1girl, solo, upper body, left 3q, calm neutral expression with soft gaze, wearing stylish casual clothes, hair tied up in a neat ponytail, studio environment with neutral clean background, clean professional studio lighting, photorealistic"
STEP10_PACKAGING,sasha_rh_28.png,スクリーンショット 2026-09-30 110424.png,Sash_high_identity-img/スクリーンショット 2026-09-30 110424.png,C:\Users\maruk\Documents\Genelate_img\Sasha_re_codex\real_human_lora\work\frames_raw\Sash_high_identity-img\スクリーンショット 2026-09-30 110424.png,C:\Users\maruk\Documents\Genelate_img\Sasha_re_codex\real_human_lora\work\frames_raw\Sash_high_identity-img\スクリーンショット 2026-09-30 110424.png,2a1b6fa8f24cc5ea4a658d6851c65c5f986488949ccb7d07c7d09d4e390151cd,2a1b6fa8f24cc5ea4a658d6851c65c5f986488949ccb7d07c7d09d4e390151cd,b09674fe16b281285380bd5ae7c3d3585b2f787347d7672c74dd053bbbc968c4,0aee90574e714fb5b6d50709136243fa,STEP8_ORIGINAL,CLOSE_UP,FRONT,1440,2706,1440,2704,SKIPPED_NOT_NEEDED,wearing a casual white t-shirt,hair tied up in a neat ponytail,gentle warm smile looking at camera,sunlit room with window shadows in background,soft golden hour sunlight with gentle shadows,"extreme close-up portrait of sasha_rh, a young woman, facing forward towards camera, gentle warm smile looking at camera, wearing a casual white t-shirt, hair tied up in a neat ponytail, sunlit room with window shadows in background, soft golden hour sunlight with gentle shadows, high detail, authentic raw skin texture, 8k photo","sasha_rh, 1girl, solo, close up, front, gentle warm smile looking at camera, wearing a casual white t-shirt, hair tied up in a neat ponytail, sunlit room with window shadows in background, soft golden hour sunlight with gentle shadows, photorealistic"
STEP10_PACKAGING,sasha_rh_29.png,スクリーンショット 2026-09-30 110504.png,Sash_high_identity-img/スクリーンショット 2026-09-30 110504.png,C:\Users\maruk\Documents\Genelate_img\Sasha_re_codex\real_human_lora\work\frames_raw\Sash_high_identity-img\スクリーンショット 2026-09-30 110504.png,C:\Users\maruk\Documents\Genelate_img\Sasha_re_codex\real_human_lora\work\frames_raw\Sash_high_identity-img\スクリーンショット 2026-09-30 110504.png,6a6adfe01ab3f532088b9fddfff186e13aebcf6f76b944ba93e3b05bb1858b0a,6a6adfe01ab3f532088b9fddfff186e13aebcf6f76b944ba93e3b05bb1858b0a,b09674fe16b281285380bd5ae7c3d3585b2f787347d7672c74dd053bbbc968c4,0aee90574e714fb5b6d50709136243fa,STEP8_ORIGINAL,UPPER_BODY,FRONT,1440,2253,1440,2256,SKIPPED_NOT_NEEDED,wearing athletic sportswear,wavy brunette hair with natural texture,gentle warm smile looking at camera,studio environment with neutral clean background,bright airy window light,"upper body portrait of sasha_rh, a young woman, facing forward towards camera, gentle warm smile looking at camera, wearing athletic sportswear, wavy brunette hair with natural texture, studio environment with neutral clean background, bright airy window light, high detail, authentic raw skin texture, 8k photo","sasha_rh, 1girl, solo, upper body, front, gentle warm smile looking at camera, wearing athletic sportswear, wavy brunette hair with natural texture, studio environment with neutral clean background, bright airy window light, photorealistic"
STEP10_PACKAGING,sasha_rh_30.png,スクリーンショット 2026-09-30 110039.png,Sash_high_identity-img/スクリーンショット 2026-09-30 110039.png,C:\Users\maruk\Documents\Genelate_img\Sasha_re_codex\real_human_lora\work\frames_raw\Sash_high_identity-img\スクリーンショット 2026-09-30 110039.png,C:\Users\maruk\Documents\Genelate_img\Sasha_re_codex\real_human_lora\work\frames_raw\Sash_high_identity-img\スクリーンショット 2026-09-30 110039.png,2144136bb1d9e3e9bd4b1b132b88c224f8c54962ba06dfdbe6b597572002482d,2144136bb1d9e3e9bd4b1b132b88c224f8c54962ba06dfdbe6b597572002482d,b09674fe16b281285380bd5ae7c3d3585b2f787347d7672c74dd053bbbc968c4,0aee90574e714fb5b6d50709136243fa,STEP8_ORIGINAL,FULL_BODY,FRONT,1440,2170,1440,2176,SKIPPED_NOT_NEEDED,wearing stylish casual clothes,hair tied up in a neat ponytail,calm neutral expression with soft gaze,studio environment with neutral clean background,bright airy window light,"full body wide shot of sasha_rh, a young woman, facing forward towards camera, calm neutral expression with soft gaze, wearing stylish casual clothes, hair tied up in a neat ponytail, studio environment with neutral clean background, bright airy window light, high detail, authentic raw skin texture, 8k photo","sasha_rh, 1girl, solo, full body, front, calm neutral expression with soft gaze, wearing stylish casual clothes, hair tied up in a neat ponytail, studio environment with neutral clean background, bright airy window light, photorealistic"
STEP10_PACKAGING,sasha_rh_31.png,スクリーンショット 2026-09-30 110146.png,Sash_high_identity-img/スクリーンショット 2026-09-30 110146.png,C:\Users\maruk\Documents\Genelate_img\Sasha_re_codex\real_human_lora\work\frames_raw\Sash_high_identity-img\スクリーンショット 2026-09-30 110146.png,C:\Users\maruk\Documents\Genelate_img\Sasha_re_codex\real_human_lora\work\frames_raw\Sash_high_identity-img\スクリーンショット 2026-09-30 110146.png,8fc91b287245c84dacf198e8926168a23dafec8e757c6fb4d124a44895af10fb,8fc91b287245c84dacf198e8926168a23dafec8e757c6fb4d124a44895af10fb,b09674fe16b281285380bd5ae7c3d3585b2f787347d7672c74dd053bbbc968c4,0aee90574e714fb5b6d50709136243fa,STEP8_ORIGINAL,FULL_BODY,RIGHT_3Q,1783,1440,1776,1440,SKIPPED_NOT_NEEDED,wearing casual modern streetwear,hair tied up in a neat ponytail,gentle warm smile looking at camera,studio environment with neutral clean background,clean professional studio lighting,"full body wide shot of sasha_rh, a young woman, turned slightly in three-quarter view to the right, gentle warm smile looking at camera, wearing casual modern streetwear, hair tied up in a neat ponytail, studio environment with neutral clean background, clean professional studio lighting, high detail, authentic raw skin texture, 8k photo","sasha_rh, 1girl, solo, full body, right 3q, gentle warm smile looking at camera, wearing casual modern streetwear, hair tied up in a neat ponytail, studio environment with neutral clean background, clean professional studio lighting, photorealistic"
STEP10_PACKAGING,sasha_rh_32.png,Sasha_v22_020.png,Sasha_v22/Sasha_v22_020.png,C:\Users\maruk\Documents\Genelate_img\Sasha_re_codex\real_human_lora\work\frames_raw\Sasha_v22\Sasha_v22_020.png,C:\Users\maruk\Documents\Genelate_img\Sasha_re_codex\real_human_lora\work\frames_raw\Sasha_v22\Sasha_v22_020.png,1e87833fca47593501ecae97a6a74ad983a2ec6c6de93cb990bbb92f4c57c0f7,1e87833fca47593501ecae97a6a74ad983a2ec6c6de93cb990bbb92f4c57c0f7,bd72f194f62260fb728b77b26c75c5491b178908bff53393e197c11137bf9a40,0aee90574e714fb5b6d50709136243fa,STEP8_ORIGINAL,CLOSE_UP,LEFT_3Q,2160,3840,2160,3840,SKIPPED_NOT_NEEDED,wearing a casual white t-shirt,hair tied up in a neat ponytail,serious focused expression,studio environment with neutral clean background,clean professional studio lighting,"extreme close-up portrait of sasha_rh, a young woman, turned slightly in three-quarter view to the left, serious focused expression, wearing a casual white t-shirt, hair tied up in a neat ponytail, studio environment with neutral clean background, clean professional studio lighting, high detail, authentic raw skin texture, 8k photo","sasha_rh, 1girl, solo, close up, left 3q, serious focused expression, wearing a casual white t-shirt, hair tied up in a neat ponytail, studio environment with neutral clean background, clean professional studio lighting, photorealistic"
STEP10_PACKAGING,sasha_rh_33.png,Sasha_v41_005.png,Sasha_v41/Sasha_v41_005.png,C:\Users\maruk\Documents\Genelate_img\Sasha_re_codex\real_human_lora\work\frames_raw\Sasha_v41\Sasha_v41_005.png,C:\Users\maruk\Documents\Genelate_img\Sasha_re_codex\real_human_lora\work\frames_raw\Sasha_v41\Sasha_v41_005.png,8337064d693533ddb8392c91635f121b67b677f0aa36633db0c8a7d20c5ffbc3,8337064d693533ddb8392c91635f121b67b677f0aa36633db0c8a7d20c5ffbc3,bd72f194f62260fb728b77b26c75c5491b178908bff53393e197c11137bf9a40,0aee90574e714fb5b6d50709136243fa,STEP8_ORIGINAL,CLOSE_UP,FRONT,2160,3840,2160,3840,SKIPPED_NOT_NEEDED,wearing a casual white t-shirt,hair tied up in a neat ponytail,gentle warm smile looking at camera,studio environment with neutral clean background,bright airy window light,"extreme close-up portrait of sasha_rh, a young woman, facing forward towards camera, gentle warm smile looking at camera, wearing a casual white t-shirt, hair tied up in a neat ponytail, studio environment with neutral clean background, bright airy window light, high detail, authentic raw skin texture, 8k photo","sasha_rh, 1girl, solo, close up, front, gentle warm smile looking at camera, wearing a casual white t-shirt, hair tied up in a neat ponytail, studio environment with neutral clean background, bright airy window light, photorealistic"
STEP10_PACKAGING,sasha_rh_34.png,Sasha_v22_035.png,Sasha_v22/Sasha_v22_035.png,C:\Users\maruk\Documents\Genelate_img\Sasha_re_codex\real_human_lora\work\frames_raw\Sasha_v22\Sasha_v22_035.png,C:\Users\maruk\Documents\Genelate_img\Sasha_re_codex\real_human_lora\work\frames_raw\Sasha_v22\Sasha_v22_035.png,abe38c9fd5c7b35edc1f0b7e8dbe833cbcf3189f2ec3185347fc8dcfd855ac0e,abe38c9fd5c7b35edc1f0b7e8dbe833cbcf3189f2ec3185347fc8dcfd855ac0e,bd72f194f62260fb728b77b26c75c5491b178908bff53393e197c11137bf9a40,0aee90574e714fb5b6d50709136243fa,STEP8_ORIGINAL,CLOSE_UP,FRONT,2160,3840,2160,3840,SKIPPED_NOT_NEEDED,wearing a casual white t-shirt,hair tied up in a neat ponytail,serious focused expression,studio environment with neutral clean background,clean professional studio lighting,"extreme close-up portrait of sasha_rh, a young woman, facing forward towards camera, serious focused expression, wearing a casual white t-shirt, hair tied up in a neat ponytail, studio environment with neutral clean background, clean professional studio lighting, high detail, authentic raw skin texture, 8k photo","sasha_rh, 1girl, solo, close up, front, serious focused expression, wearing a casual white t-shirt, hair tied up in a neat ponytail, studio environment with neutral clean background, clean professional studio lighting, photorealistic"
STEP10_PACKAGING,sasha_rh_35.png,スクリーンショット 2026-09-30 110956.png,Sash_high_identity-img/スクリーンショット 2026-09-30 110956.png,C:\Users\maruk\Documents\Genelate_img\Sasha_re_codex\real_human_lora\work\frames_raw\Sash_high_identity-img\スクリーンショット 2026-09-30 110956.png,C:\Users\maruk\Documents\Genelate_img\Sasha_re_codex\real_human_lora\work\frames_raw\Sash_high_identity-img\スクリーンショット 2026-09-30 110956.png,39f50451c23a76c75723bfcbf9b8ca3bdf2d6932d66b2be28894cbe17f5c3da1,39f50451c23a76c75723bfcbf9b8ca3bdf2d6932d66b2be28894cbe17f5c3da1,b09674fe16b281285380bd5ae7c3d3585b2f787347d7672c74dd053bbbc968c4,0aee90574e714fb5b6d50709136243fa,STEP8_ORIGINAL,FULL_BODY,FRONT,1440,2165,1440,2160,SKIPPED_NOT_NEEDED,wearing athletic sportswear,hair tied up in a neat ponytail,gentle warm smile looking at camera,studio environment with neutral clean background,clean professional studio lighting,"full body wide shot of sasha_rh, a young woman, facing forward towards camera, gentle warm smile looking at camera, wearing athletic sportswear, hair tied up in a neat ponytail, studio environment with neutral clean background, clean professional studio lighting, high detail, authentic raw skin texture, 8k photo","sasha_rh, 1girl, solo, full body, front, gentle warm smile looking at camera, wearing athletic sportswear, hair tied up in a neat ponytail, studio environment with neutral clean background, clean professional studio lighting, photorealistic"
STEP10_PACKAGING,sasha_rh_36.png,Sasha_v08_020.png,Sasha_v08/Sasha_v08_020.png,C:\Users\maruk\Documents\Genelate_img\Sasha_re_codex\real_human_lora\work\frames_raw\Sasha_v08\Sasha_v08_020.png,C:\Users\maruk\Documents\Genelate_img\Sasha_re_codex\real_human_lora\work\frames_raw\Sasha_v08\Sasha_v08_020.png,7e45e25d4167d081f6ce47feecf7886ee22b16df17d3ae6f37508a44ca57f637,7e45e25d4167d081f6ce47feecf7886ee22b16df17d3ae6f37508a44ca57f637,bd72f194f62260fb728b77b26c75c5491b178908bff53393e197c11137bf9a40,0aee90574e714fb5b6d50709136243fa,STEP8_ORIGINAL,UPPER_BODY,RIGHT_3Q,2160,3840,2160,3840,SKIPPED_NOT_NEEDED,wearing a stylish black top,hair tied up in a neat ponytail,gentle warm smile looking at camera,studio environment with neutral clean background,soft golden hour sunlight with gentle shadows,"upper body portrait of sasha_rh, a young woman, turned slightly in three-quarter view to the right, gentle warm smile looking at camera, wearing a stylish black top, hair tied up in a neat ponytail, studio environment with neutral clean background, soft golden hour sunlight with gentle shadows, high detail, authentic raw skin texture, 8k photo","sasha_rh, 1girl, solo, upper body, right 3q, gentle warm smile looking at camera, wearing a stylish black top, hair tied up in a neat ponytail, studio environment with neutral clean background, soft golden hour sunlight with gentle shadows, photorealistic"
STEP10_PACKAGING,sasha_rh_37.png,Sasha_v23_002.png,Sasha_v23/Sasha_v23_002.png,C:\Users\maruk\Documents\Genelate_img\Sasha_re_codex\real_human_lora\work\frames_raw\Sasha_v23\Sasha_v23_002.png,C:\Users\maruk\Documents\Genelate_img\Sasha_re_codex\real_human_lora\work\frames_raw\Sasha_v23\Sasha_v23_002.png,b5f5e30559ee45f282c75c1000aadbf1b739957702e5dbd4ab5d190340553967,b5f5e30559ee45f282c75c1000aadbf1b739957702e5dbd4ab5d190340553967,bd72f194f62260fb728b77b26c75c5491b178908bff53393e197c11137bf9a40,0aee90574e714fb5b6d50709136243fa,STEP8_ORIGINAL,UPPER_BODY,LEFT_PROFILE,2160,3840,2160,3840,SKIPPED_NOT_NEEDED,wearing a stylish black top,hair tied up in a neat ponytail,serious focused expression,studio environment with neutral clean background,soft diffused natural daylight,"upper body portrait of sasha_rh, a young woman, in full left side profile view, serious focused expression, wearing a stylish black top, hair tied up in a neat ponytail, studio environment with neutral clean background, soft diffused natural daylight, high detail, authentic raw skin texture, 8k photo","sasha_rh, 1girl, solo, upper body, left profile, serious focused expression, wearing a stylish black top, hair tied up in a neat ponytail, studio environment with neutral clean background, soft diffused natural daylight, photorealistic"
STEP10_PACKAGING,sasha_rh_38.png,Sasha_v16_001.png,Sasha_v16/Sasha_v16_001.png,C:\Users\maruk\Documents\Genelate_img\Sasha_re_codex\real_human_lora\work\frames_raw\Sasha_v16\Sasha_v16_001.png,C:\Users\maruk\Documents\Genelate_img\Sasha_re_codex\real_human_lora\work\frames_raw\Sasha_v16\Sasha_v16_001.png,b01e3f8a3ce27b2d1be0a0753a31834599bd7407481c896e3ad1c40863e27b63,b01e3f8a3ce27b2d1be0a0753a31834599bd7407481c896e3ad1c40863e27b63,bd72f194f62260fb728b77b26c75c5491b178908bff53393e197c11137bf9a40,0aee90574e714fb5b6d50709136243fa,STEP8_ORIGINAL,UPPER_BODY,RIGHT_3Q,2160,3840,2160,3840,SKIPPED_NOT_NEEDED,wearing stylish casual clothes,hair tied up in a neat ponytail,gentle warm smile looking at camera,studio environment with neutral clean background,bright airy window light,"upper body portrait of sasha_rh, a young woman, turned slightly in three-quarter view to the right, gentle warm smile looking at camera, wearing stylish casual clothes, hair tied up in a neat ponytail, studio environment with neutral clean background, bright airy window light, high detail, authentic raw skin texture, 8k photo","sasha_rh, 1girl, solo, upper body, right 3q, gentle warm smile looking at camera, wearing stylish casual clothes, hair tied up in a neat ponytail, studio environment with neutral clean background, bright airy window light, photorealistic"
STEP10_PACKAGING,sasha_rh_39.png,Sasha_v11_001.png,Sasha_v11/Sasha_v11_001.png,C:\Users\maruk\Documents\Genelate_img\Sasha_re_codex\real_human_lora\work\frames_raw\Sasha_v11\Sasha_v11_001.png,C:\Users\maruk\Documents\Genelate_img\Sasha_re_codex\real_human_lora\work\frames_raw\Sasha_v11\Sasha_v11_001.png,9b6a2b5d770299175ac638289faba78f6f4c1fede746704fd6c58b9b44c44c71,9b6a2b5d770299175ac638289faba78f6f4c1fede746704fd6c58b9b44c44c71,bd72f194f62260fb728b77b26c75c5491b178908bff53393e197c11137bf9a40,0aee90574e714fb5b6d50709136243fa,STEP8_ORIGINAL,UPPER_BODY,FRONT,2160,3840,2160,3840,SKIPPED_NOT_NEEDED,wearing a floral summer dress,hair styled in a messy bun,gentle warm smile looking at camera,studio environment with neutral clean background,clean professional studio lighting,"upper body portrait of sasha_rh, a young woman, facing forward towards camera, gentle warm smile looking at camera, wearing a floral summer dress, hair styled in a messy bun, studio environment with neutral clean background, clean professional studio lighting, high detail, authentic raw skin texture, 8k photo","sasha_rh, 1girl, solo, upper body, front, gentle warm smile looking at camera, wearing a floral summer dress, hair styled in a messy bun, studio environment with neutral clean background, clean professional studio lighting, photorealistic"
STEP10_PACKAGING,sasha_rh_40.png,スクリーンショット 2026-09-30 110056.png,Sash_high_identity-img/スクリーンショット 2026-09-30 110056.png,C:\Users\maruk\Documents\Genelate_img\Sasha_re_codex\real_human_lora\work\frames_raw\Sash_high_identity-img\スクリーンショット 2026-09-30 110056.png,C:\Users\maruk\Documents\Genelate_img\Sasha_re_codex\real_human_lora\work\frames_raw\Sash_high_identity-img\スクリーンショット 2026-09-30 110056.png,860c29b3669de73f5dd4c370b3fc068de4a68c99d64d343dca4f27cac079addf,860c29b3669de73f5dd4c370b3fc068de4a68c99d64d343dca4f27cac079addf,b09674fe16b281285380bd5ae7c3d3585b2f787347d7672c74dd053bbbc968c4,0aee90574e714fb5b6d50709136243fa,STEP8_ORIGINAL,FULL_BODY,RIGHT_PROFILE,1440,2557,1440,2560,SKIPPED_NOT_NEEDED,wearing a floral summer dress,long dark hair falling over shoulders,calm neutral expression with soft gaze,sunlit room with window shadows in background,bright airy window light,"full body wide shot of sasha_rh, a young woman, in full right side profile view, calm neutral expression with soft gaze, wearing a floral summer dress, long dark hair falling over shoulders, sunlit room with window shadows in background, bright airy window light, high detail, authentic raw skin texture, 8k photo","sasha_rh, 1girl, solo, full body, right profile, calm neutral expression with soft gaze, wearing a floral summer dress, long dark hair falling over shoulders, sunlit room with window shadows in background, bright airy window light, photorealistic"
