pose_bin,face_scale_bin,before_count,after_count,retention_ratio,representative_count,unique_count
FRONTAL,CLOSE_UP,231,115,0.49783549783549785,23,92
FRONTAL,UPPER_BODY,559,266,0.47584973166368516,64,202
FRONTAL,FULL_BODY,363,143,0.3939393939393939,40,103
FRONTAL,NOT_EVALUABLE,0,0,,0,0
THREE_QUARTER_LEFT,CLOSE_UP,44,31,0.7045454545454546,7,24
THREE_QUARTER_LEFT,UPPER_BODY,106,72,0.6792452830188679,18,54
THREE_QUARTER_LEFT,FULL_BODY,124,78,0.6290322580645161,17,61
THREE_QUARTER_LEFT,NOT_EVALUABLE,0,0,,0,0
THREE_QUARTER_RIGHT,CLOSE_UP,52,29,0.5576923076923077,4,25
THREE_QUARTER_RIGHT,UPPER_BODY,94,72,0.7659574468085106,12,60
THREE_QUARTER_RIGHT,FULL_BODY,99,68,0.6868686868686869,16,52
THREE_QUARTER_RIGHT,NOT_EVALUABLE,0,0,,0,0
PROFILE_LEFT,CLOSE_UP,1,0,0.0,0,0
PROFILE_LEFT,UPPER_BODY,7,7,1.0,0,7
PROFILE_LEFT,FULL_BODY,7,7,1.0,0,7
PROFILE_LEFT,NOT_EVALUABLE,0,0,,0,0
PROFILE_RIGHT,CLOSE_UP,1,0,0.0,0,0
PROFILE_RIGHT,UPPER_BODY,5,5,1.0,0,5
PROFILE_RIGHT,FULL_BODY,5,4,0.8,1,3
PROFILE_RIGHT,NOT_EVALUABLE,0,0,,0,0
NOT_EVALUABLE,CLOSE_UP,0,0,,0,0
NOT_EVALUABLE,UPPER_BODY,13,13,1.0,0,13
NOT_EVALUABLE,FULL_BODY,169,169,1.0,0,169
NOT_EVALUABLE,NOT_EVALUABLE,0,0,,0,0
