temporal_index,extraction_policy_version,sample_fps_requested,sample_fps_effective,laplacian_percentile_video,tenengrad_percentile_video,quality_rank_video,step_name,filename,width,height,laplacian_score,tenengrad_score,brightness_mean,brightness_std,shadow_pixel_ratio,highlight_pixel_ratio,contrast_p90_p10,file_size_bytes,laplacian_percentile,tenengrad_percentile,quality_rank,status,error,video_id,frame_id,frame_name,relative_path,short_edge,long_edge,pixel_count,aspect_ratio,global_laplacian,global_tenengrad,mean_brightness,processing_status,input_kind,image_sha256
,,,,,,,STEP2_TECHNICAL_METRICS,Sash_high_identity-img/652794808_18008722232838431_6335316425841053458_n.jpg,1440,1800,256.99,1502.571,204.237,50.403,0.006,0.352,123.0,499532,96.49,31.58,21,ok,,,Sash_high_identity-img/652794808_18008722232838431_6335316425841053458_n.jpg,652794808_18008722232838431_6335316425841053458_n.jpg,work/frames_raw/Sash_high_identity-img/652794808_18008722232838431_6335316425841053458_n.jpg,1440,1800,2592000,0.8,256.99,1502.571,204.237,PASS,SUPPLEMENTAL_STILL,7e79954866df79ee93eb2603785c36d6dc37308bb7965c8f72d004fc1da683f1
,,,,,,,STEP2_TECHNICAL_METRICS,Sash_high_identity-img/654025529_18101141824898533_326058541450589604_n.jpg,1440,1799,260.332,1993.947,195.525,55.655,0.012,0.414,139.0,512634,98.25,50.88,14,ok,,,Sash_high_identity-img/654025529_18101141824898533_326058541450589604_n.jpg,654025529_18101141824898533_326058541450589604_n.jpg,work/frames_raw/Sash_high_identity-img/654025529_18101141824898533_326058541450589604_n.jpg,1440,1799,2590560,0.800445,260.332,1993.947,195.525,PASS,SUPPLEMENTAL_STILL,914f8228e99602a9d71ae2f4f9796ddcc5122a5011fc49b05dd4a079bea8b5b7
,,,,,,,STEP2_TECHNICAL_METRICS,Sash_high_identity-img/SaveTik.co_7543503138088537379_2.jpeg,1440,1920,124.3,2490.572,142.659,39.846,0.003,0.005,112.0,757215,89.47,68.42,10,ok,,,Sash_high_identity-img/SaveTik.co_7543503138088537379_2.jpeg,SaveTik.co_7543503138088537379_2.jpeg,work/frames_raw/Sash_high_identity-img/SaveTik.co_7543503138088537379_2.jpeg,1440,1920,2764800,0.75,124.3,2490.572,142.659,PASS,SUPPLEMENTAL_STILL,eec26220770cc91fb2d77dc2718a6f4c6752ccb07e02fe03b31dab942f3c9094
,,,,,,,STEP2_TECHNICAL_METRICS,Sash_high_identity-img/スクリーンショット 2026-09-30 105042.png,1440,2094,75.83,3725.902,162.815,57.66,0.024,0.024,148.0,2477162,77.19,78.95,11,ok,,,Sash_high_identity-img/スクリーンショット 2026-09-30 105042.png,スクリーンショット 2026-09-30 105042.png,work/frames_raw/Sash_high_identity-img/スクリーンショット 2026-09-30 105042.png,1440,2094,3015360,0.687679,75.83,3725.902,162.815,PASS,SUPPLEMENTAL_STILL,b00b7424e495a3008ed527dad58967eb5ec58d47c7126c9388c29d4821b1a608
,,,,,,,STEP2_TECHNICAL_METRICS,Sash_high_identity-img/スクリーンショット 2026-09-30 105148.png,1440,2412,24.575,2087.053,166.319,52.812,0.018,0.016,137.0,2487856,49.12,61.4,27,ok,,,Sash_high_identity-img/スクリーンショット 2026-09-30 105148.png,スクリーンショット 2026-09-30 105148.png,work/frames_raw/Sash_high_identity-img/スクリーンショット 2026-09-30 105148.png,1440,2412,3473280,0.597015,24.575,2087.053,166.319,PASS,SUPPLEMENTAL_STILL,42d1c0835c99d8c65838be3837379c1b787341efd5be8282aa94540a17ba85a5
,,,,,,,STEP2_TECHNICAL_METRICS,Sash_high_identity-img/スクリーンショット 2026-09-30 105231.png,1440,2442,7.102,756.1,175.812,35.408,0.006,0.0,80.0,2314646,10.53,10.53,52,ok,,,Sash_high_identity-img/スクリーンショット 2026-09-30 105231.png,スクリーンショット 2026-09-30 105231.png,work/frames_raw/Sash_high_identity-img/スクリーンショット 2026-09-30 105231.png,1440,2442,3516480,0.589681,7.102,756.1,175.812,PASS,SUPPLEMENTAL_STILL,6187956f2c2acf6538a9b62fa5073b99285dc12f297420b33493ee67313cbbb3
,,,,,,,STEP2_TECHNICAL_METRICS,Sash_high_identity-img/スクリーンショット 2026-09-30 105321.png,1440,2247,44.277,2113.077,163.227,46.611,0.016,0.0,128.0,2647097,70.18,63.16,19,ok,,,Sash_high_identity-img/スクリーンショット 2026-09-30 105321.png,スクリーンショット 2026-09-30 105321.png,work/frames_raw/Sash_high_identity-img/スクリーンショット 2026-09-30 105321.png,1440,2247,3235680,0.640854,44.277,2113.077,163.227,PASS,SUPPLEMENTAL_STILL,32aa884ff668c9053c4e857e687a2b244d608ae28018dca86e5aff375e6f0c28
,,,,,,,STEP2_TECHNICAL_METRICS,Sash_high_identity-img/スクリーンショット 2026-09-30 105344.png,1440,2706,15.412,1161.09,201.654,43.013,0.011,0.081,93.0,2034764,28.07,19.3,44,ok,,,Sash_high_identity-img/スクリーンショット 2026-09-30 105344.png,スクリーンショット 2026-09-30 105344.png,work/frames_raw/Sash_high_identity-img/スクリーンショット 2026-09-30 105344.png,1440,2706,3896640,0.532151,15.412,1161.09,201.654,PASS,SUPPLEMENTAL_STILL,4dbced93c1e4d05b516c65feef30da7cc9bfa6917f24e4e54927dfdd2e592a85
,,,,,,,STEP2_TECHNICAL_METRICS,Sash_high_identity-img/スクリーンショット 2026-09-30 105443.png,1440,2479,21.172,1617.267,194.738,44.518,0.013,0.012,91.0,2231764,38.6,35.09,39,ok,,,Sash_high_identity-img/スクリーンショット 2026-09-30 105443.png,スクリーンショット 2026-09-30 105443.png,work/frames_raw/Sash_high_identity-img/スクリーンショット 2026-09-30 105443.png,1440,2479,3569760,0.580879,21.172,1617.267,194.738,PASS,SUPPLEMENTAL_STILL,9f4b634a607a78ba43ccadab3bd406113bae311413d986245238c4d14bf6902c
,,,,,,,STEP2_TECHNICAL_METRICS,Sash_high_identity-img/スクリーンショット 2026-09-30 105518.png,1440,2043,69.732,2807.877,202.493,40.974,0.009,0.017,75.0,1861651,75.44,70.18,16,ok,,,Sash_high_identity-img/スクリーンショット 2026-09-30 105518.png,スクリーンショット 2026-09-30 105518.png,work/frames_raw/Sash_high_identity-img/スクリーンショット 2026-09-30 105518.png,1440,2043,2941920,0.704846,69.732,2807.877,202.493,PASS,SUPPLEMENTAL_STILL,ca5b6f723dff330e6dcaa087927cc16683eff75cae8019b43c04386117c9c931
,,,,,,,STEP2_TECHNICAL_METRICS,Sash_high_identity-img/スクリーンショット 2026-09-30 105543.png,1440,4402,1.313,378.035,206.031,36.915,0.006,0.083,77.0,1769128,0.0,3.51,57,ok,,,Sash_high_identity-img/スクリーンショット 2026-09-30 105543.png,スクリーンショット 2026-09-30 105543.png,work/frames_raw/Sash_high_identity-img/スクリーンショット 2026-09-30 105543.png,1440,4402,6338880,0.327124,1.313,378.035,206.031,PASS,SUPPLEMENTAL_STILL,c57f8bd0fcb184c2fffa1c85b8fadbe6768b8f8b3835c50c6c583b8677d957f1
,,,,,,,STEP2_TECHNICAL_METRICS,Sash_high_identity-img/スクリーンショット 2026-09-30 105613.png,1440,2564,29.238,1994.161,145.606,44.667,0.029,0.001,116.0,2415627,56.14,52.63,28,ok,,,Sash_high_identity-img/スクリーンショット 2026-09-30 105613.png,スクリーンショット 2026-09-30 105613.png,work/frames_raw/Sash_high_identity-img/スクリーンショット 2026-09-30 105613.png,1440,2564,3692160,0.561622,29.238,1994.161,145.606,PASS,SUPPLEMENTAL_STILL,53a9bb64b93e84e63b25f4c6082ea85125e566c01fb1d525ca12be4c56cdcc56
,,,,,,,STEP2_TECHNICAL_METRICS,Sash_high_identity-img/スクリーンショット 2026-09-30 105646.png,1440,2038,88.078,3237.732,173.534,47.04,0.018,0.005,108.0,2055461,82.46,71.93,12,ok,,,Sash_high_identity-img/スクリーンショット 2026-09-30 105646.png,スクリーンショット 2026-09-30 105646.png,work/frames_raw/Sash_high_identity-img/スクリーンショット 2026-09-30 105646.png,1440,2038,2934720,0.706575,88.078,3237.732,173.534,PASS,SUPPLEMENTAL_STILL,dc9ea3ccdfa2b31227715069579327efef5b183f906bd7a613b2916404b02595
,,,,,,,STEP2_TECHNICAL_METRICS,Sash_high_identity-img/スクリーンショット 2026-09-30 105704.png,1440,2588,10.221,1414.124,176.388,46.73,0.019,0.0,116.0,1595372,21.05,29.82,43,ok,,,Sash_high_identity-img/スクリーンショット 2026-09-30 105704.png,スクリーンショット 2026-09-30 105704.png,work/frames_raw/Sash_high_identity-img/スクリーンショット 2026-09-30 105704.png,1440,2588,3726720,0.556414,10.221,1414.124,176.388,PASS,SUPPLEMENTAL_STILL,049d74a0967de03b00b4962c072c78fe213dfb707f06c29ccaa9b434081a00c7
,,,,,,,STEP2_TECHNICAL_METRICS,Sash_high_identity-img/スクリーンショット 2026-09-30 105728.png,1440,2788,8.36,1301.957,177.071,48.091,0.021,0.0,118.0,1719589,12.28,21.05,48,ok,,,Sash_high_identity-img/スクリーンショット 2026-09-30 105728.png,スクリーンショット 2026-09-30 105728.png,work/frames_raw/Sash_high_identity-img/スクリーンショット 2026-09-30 105728.png,1440,2788,4014720,0.516499,8.36,1301.957,177.071,PASS,SUPPLEMENTAL_STILL,90f9728e27c63cb400814958a792456cc85a50949473cc5a0b9c5630608d743b
,,,,,,,STEP2_TECHNICAL_METRICS,Sash_high_identity-img/スクリーンショット 2026-09-30 105758.png,1440,3101,19.292,2038.71,173.074,60.017,0.054,0.003,151.0,2211732,33.33,56.14,35,ok,,,Sash_high_identity-img/スクリーンショット 2026-09-30 105758.png,スクリーンショット 2026-09-30 105758.png,work/frames_raw/Sash_high_identity-img/スクリーンショット 2026-09-30 105758.png,1440,3101,4465440,0.464366,19.292,2038.71,173.074,PASS,SUPPLEMENTAL_STILL,0a344fd2e2cd601eb381b694c3e5d867d8cc9a1eb68dffedc8cb1657843071fe
,,,,,,,STEP2_TECHNICAL_METRICS,Sash_high_identity-img/スクリーンショット 2026-09-30 105828.png,1440,2639,14.905,1862.741,111.809,61.778,0.088,0.0,166.0,3411733,26.32,42.11,40,ok,,,Sash_high_identity-img/スクリーンショット 2026-09-30 105828.png,スクリーンショット 2026-09-30 105828.png,work/frames_raw/Sash_high_identity-img/スクリーンショット 2026-09-30 105828.png,1440,2639,3800160,0.545661,14.905,1862.741,111.809,PASS,SUPPLEMENTAL_STILL,29965b319177addbe26daa605bbb2333a7a1d71be92677c4baa2f8cca41fc4b5
,,,,,,,STEP2_TECHNICAL_METRICS,Sash_high_identity-img/スクリーンショット 2026-09-30 105849.png,1440,1915,43.504,1612.055,148.174,54.403,0.074,0.001,145.0,1872199,68.42,33.33,31,ok,,,Sash_high_identity-img/スクリーンショット 2026-09-30 105849.png,スクリーンショット 2026-09-30 105849.png,work/frames_raw/Sash_high_identity-img/スクリーンショット 2026-09-30 105849.png,1440,1915,2757600,0.751958,43.504,1612.055,148.174,PASS,SUPPLEMENTAL_STILL,416c8530d72728390876e184a12d8ca4e09af0c71ffeed3b89f3a4c2a8885d59
,,,,,,,STEP2_TECHNICAL_METRICS,Sash_high_identity-img/スクリーンショット 2026-09-30 105921.png,1440,1649,50.917,1948.05,195.89,33.277,0.006,0.018,65.0,1259564,71.93,49.12,22,ok,,,Sash_high_identity-img/スクリーンショット 2026-09-30 105921.png,スクリーンショット 2026-09-30 105921.png,work/frames_raw/Sash_high_identity-img/スクリーンショット 2026-09-30 105921.png,1440,1649,2374560,0.873257,50.917,1948.05,195.89,PASS,SUPPLEMENTAL_STILL,ee9dddef4cb239ed4ee462efab5f1c298c382ceb3d46b9c0bc739671b40af700
,,,,,,,STEP2_TECHNICAL_METRICS,Sash_high_identity-img/スクリーンショット 2026-09-30 105945.png,1440,1761,92.034,6446.761,189.545,43.136,0.011,0.021,105.0,1756372,85.96,91.23,6,ok,,,Sash_high_identity-img/スクリーンショット 2026-09-30 105945.png,スクリーンショット 2026-09-30 105945.png,work/frames_raw/Sash_high_identity-img/スクリーンショット 2026-09-30 105945.png,1440,1761,2535840,0.817717,92.034,6446.761,189.545,PASS,SUPPLEMENTAL_STILL,1cb1bd26a0b52d41017659f7c3be69469be5b3f0a01aeec689bee81e6b04d0db
,,,,,,,STEP2_TECHNICAL_METRICS,Sash_high_identity-img/スクリーンショット 2026-09-30 110008.png,1440,1924,40.643,1828.36,196.848,31.934,0.005,0.015,56.0,1385686,64.91,40.35,30,ok,,,Sash_high_identity-img/スクリーンショット 2026-09-30 110008.png,スクリーンショット 2026-09-30 110008.png,work/frames_raw/Sash_high_identity-img/スクリーンショット 2026-09-30 110008.png,1440,1924,2770560,0.748441,40.643,1828.36,196.848,PASS,SUPPLEMENTAL_STILL,0fbe7db8f9b6c52430dac8268b2b5fff54db7e78244c242b2c6666b0f878d2aa
,,,,,,,STEP2_TECHNICAL_METRICS,Sash_high_identity-img/スクリーンショット 2026-09-30 110039.png,1440,2170,27.73,1897.107,144.162,70.313,0.145,0.018,204.0,2516118,52.63,43.86,34,ok,,,Sash_high_identity-img/スクリーンショット 2026-09-30 110039.png,スクリーンショット 2026-09-30 110039.png,work/frames_raw/Sash_high_identity-img/スクリーンショット 2026-09-30 110039.png,1440,2170,3124800,0.663594,27.73,1897.107,144.162,PASS,SUPPLEMENTAL_STILL,2144136bb1d9e3e9bd4b1b132b88c224f8c54962ba06dfdbe6b597572002482d
,,,,,,,STEP2_TECHNICAL_METRICS,Sash_high_identity-img/スクリーンショット 2026-09-30 110056.png,1440,2557,21.787,2131.465,159.556,51.368,0.009,0.053,129.0,2771211,42.11,64.91,29,ok,,,Sash_high_identity-img/スクリーンショット 2026-09-30 110056.png,スクリーンショット 2026-09-30 110056.png,work/frames_raw/Sash_high_identity-img/スクリーンショット 2026-09-30 110056.png,1440,2557,3682080,0.56316,21.787,2131.465,159.556,PASS,SUPPLEMENTAL_STILL,860c29b3669de73f5dd4c370b3fc068de4a68c99d64d343dca4f27cac079addf
,,,,,,,STEP2_TECHNICAL_METRICS,Sash_high_identity-img/スクリーンショット 2026-09-30 110120.png,1630,1440,19.929,1345.047,142.004,83.126,0.126,0.016,199.0,1311214,35.09,26.32,41,ok,,,Sash_high_identity-img/スクリーンショット 2026-09-30 110120.png,スクリーンショット 2026-09-30 110120.png,work/frames_raw/Sash_high_identity-img/スクリーンショット 2026-09-30 110120.png,1440,1630,2347200,1.131944,19.929,1345.047,142.004,PASS,SUPPLEMENTAL_STILL,1d4ff76f0841980ed89b5dcd3499d2625ae80463771e515302853811d29336f0
,,,,,,,STEP2_TECHNICAL_METRICS,Sash_high_identity-img/スクリーンショット 2026-09-30 110146.png,1783,1440,77.51,4881.531,147.816,56.913,0.056,0.008,151.0,2756762,78.95,89.47,7,ok,,,Sash_high_identity-img/スクリーンショット 2026-09-30 110146.png,スクリーンショット 2026-09-30 110146.png,work/frames_raw/Sash_high_identity-img/スクリーンショット 2026-09-30 110146.png,1440,1783,2567520,1.238194,77.51,4881.531,147.816,PASS,SUPPLEMENTAL_STILL,8fc91b287245c84dacf198e8926168a23dafec8e757c6fb4d124a44895af10fb
,,,,,,,STEP2_TECHNICAL_METRICS,Sash_high_identity-img/スクリーンショット 2026-09-30 110206.png,1440,1947,16.845,2436.282,141.918,66.805,0.099,0.027,184.0,2227317,31.58,66.67,32,ok,,,Sash_high_identity-img/スクリーンショット 2026-09-30 110206.png,スクリーンショット 2026-09-30 110206.png,work/frames_raw/Sash_high_identity-img/スクリーンショット 2026-09-30 110206.png,1440,1947,2803680,0.739599,16.845,2436.282,141.918,PASS,SUPPLEMENTAL_STILL,c2fcbe37c8c289aacb378c9fa17cc89df816d72d3a96c50f69bb2660d850368e
,,,,,,,STEP2_TECHNICAL_METRICS,Sash_high_identity-img/スクリーンショット 2026-09-30 110239.png,1440,2101,23.083,1706.732,112.919,68.224,0.224,0.004,183.0,2408001,43.86,36.84,37,ok,,,Sash_high_identity-img/スクリーンショット 2026-09-30 110239.png,スクリーンショット 2026-09-30 110239.png,work/frames_raw/Sash_high_identity-img/スクリーンショット 2026-09-30 110239.png,1440,2101,3025440,0.685388,23.083,1706.732,112.919,PASS,SUPPLEMENTAL_STILL,f4a1cf625d5e5e85df26685d4974a075bdbd906b9df54a0749f5f9c763fd3af8
,,,,,,,STEP2_TECHNICAL_METRICS,Sash_high_identity-img/スクリーンショット 2026-09-30 110314.png,1541,1440,101.902,7379.931,128.577,64.317,0.087,0.005,177.0,2843397,87.72,92.98,5,ok,,,Sash_high_identity-img/スクリーンショット 2026-09-30 110314.png,スクリーンショット 2026-09-30 110314.png,work/frames_raw/Sash_high_identity-img/スクリーンショット 2026-09-30 110314.png,1440,1541,2219040,1.070139,101.902,7379.931,128.577,PASS,SUPPLEMENTAL_STILL,8a0196bb5640a5fba0510741f1cdb5f6faaa258ae90716a61349945c95a035ec
,,,,,,,STEP2_TECHNICAL_METRICS,Sash_high_identity-img/スクリーンショット 2026-09-30 110343.png,1440,3377,3.863,593.07,196.93,32.107,0.001,0.015,67.0,1802146,3.51,8.77,54,ok,,,Sash_high_identity-img/スクリーンショット 2026-09-30 110343.png,スクリーンショット 2026-09-30 110343.png,work/frames_raw/Sash_high_identity-img/スクリーンショット 2026-09-30 110343.png,1440,3377,4862880,0.426414,3.863,593.07,196.93,PASS,SUPPLEMENTAL_STILL,b3239ae3f3571b39c42e48cf3e6a3a2ca0f78f19a0620f6f8c8715187ef2835e
,,,,,,,STEP2_TECHNICAL_METRICS,Sash_high_identity-img/スクリーンショット 2026-09-30 110409.png,1440,2405,25.772,1938.084,198.565,44.979,0.005,0.133,108.0,2281792,50.88,47.37,33,ok,,,Sash_high_identity-img/スクリーンショット 2026-09-30 110409.png,スクリーンショット 2026-09-30 110409.png,work/frames_raw/Sash_high_identity-img/スクリーンショット 2026-09-30 110409.png,1440,2405,3463200,0.598753,25.772,1938.084,198.565,PASS,SUPPLEMENTAL_STILL,572862e0937b5ab122f78853f6db2b5d3acdc3b1b2bc2662762e086a03b5107a
,,,,,,,STEP2_TECHNICAL_METRICS,Sash_high_identity-img/スクリーンショット 2026-09-30 110424.png,1440,2706,41.223,3425.345,130.753,65.078,0.092,0.063,169.0,3590830,66.67,77.19,18,ok,,,Sash_high_identity-img/スクリーンショット 2026-09-30 110424.png,スクリーンショット 2026-09-30 110424.png,work/frames_raw/Sash_high_identity-img/スクリーンショット 2026-09-30 110424.png,1440,2706,3896640,0.532151,41.223,3425.345,130.753,PASS,SUPPLEMENTAL_STILL,2a1b6fa8f24cc5ea4a658d6851c65c5f986488949ccb7d07c7d09d4e390151cd
,,,,,,,STEP2_TECHNICAL_METRICS,Sash_high_identity-img/スクリーンショット 2026-09-30 110439.png,1440,1975,37.589,2038.133,151.239,50.906,0.033,0.015,130.0,2337318,61.4,54.39,25,ok,,,Sash_high_identity-img/スクリーンショット 2026-09-30 110439.png,スクリーンショット 2026-09-30 110439.png,work/frames_raw/Sash_high_identity-img/スクリーンショット 2026-09-30 110439.png,1440,1975,2844000,0.729114,37.589,2038.133,151.239,PASS,SUPPLEMENTAL_STILL,16bb9d481f23ed13e9e856fbe29858cf11db3a1f314dcac577aed1066e270119
,,,,,,,STEP2_TECHNICAL_METRICS,Sash_high_identity-img/スクリーンショット 2026-09-30 110504.png,1440,2253,37.941,3935.991,150.905,71.921,0.117,0.002,197.0,2366358,63.16,82.46,17,ok,,,Sash_high_identity-img/スクリーンショット 2026-09-30 110504.png,スクリーンショット 2026-09-30 110504.png,work/frames_raw/Sash_high_identity-img/スクリーンショット 2026-09-30 110504.png,1440,2253,3244320,0.639148,37.941,3935.991,150.905,PASS,SUPPLEMENTAL_STILL,6a6adfe01ab3f532088b9fddfff186e13aebcf6f76b944ba93e3b05bb1858b0a
,,,,,,,STEP2_TECHNICAL_METRICS,Sash_high_identity-img/スクリーンショット 2026-09-30 110609.png,1440,1921,246.915,9776.55,155.364,55.093,0.049,0.002,146.0,3119390,92.98,98.25,2,ok,,,Sash_high_identity-img/スクリーンショット 2026-09-30 110609.png,スクリーンショット 2026-09-30 110609.png,work/frames_raw/Sash_high_identity-img/スクリーンショット 2026-09-30 110609.png,1440,1921,2766240,0.74961,246.915,9776.55,155.364,PASS,SUPPLEMENTAL_STILL,a0187e624e4d50d20edcb5cd1acc1e6c644a896dae14b98fdc748d2daa502645
,,,,,,,STEP2_TECHNICAL_METRICS,Sash_high_identity-img/スクリーンショット 2026-09-30 110631.png,1440,1858,383.62,12360.128,153.441,56.14,0.053,0.003,146.0,3265717,100.0,100.0,1,ok,,,Sash_high_identity-img/スクリーンショット 2026-09-30 110631.png,スクリーンショット 2026-09-30 110631.png,work/frames_raw/Sash_high_identity-img/スクリーンショット 2026-09-30 110631.png,1440,1858,2675520,0.775027,383.62,12360.128,153.441,PASS,SUPPLEMENTAL_STILL,6ffe9d03f9da2515801fad6dfb9f8cf045d65c4b9afff09930e42745a586d558
,,,,,,,STEP2_TECHNICAL_METRICS,Sash_high_identity-img/スクリーンショット 2026-09-30 110644.png,1440,2297,164.807,8590.259,114.227,59.8,0.133,0.008,163.0,4202310,91.23,94.74,4,ok,,,Sash_high_identity-img/スクリーンショット 2026-09-30 110644.png,スクリーンショット 2026-09-30 110644.png,work/frames_raw/Sash_high_identity-img/スクリーンショット 2026-09-30 110644.png,1440,2297,3307680,0.626905,164.807,8590.259,114.227,PASS,SUPPLEMENTAL_STILL,c4ddd636159cacc32e7d0fab42fd6069d8c5aba60b930399c5f2d3ea49bf2e5e
,,,,,,,STEP2_TECHNICAL_METRICS,Sash_high_identity-img/スクリーンショット 2026-09-30 110709.png,1440,1918,249.226,9350.862,118.979,59.364,0.125,0.001,163.0,3882180,94.74,96.49,3,ok,,,Sash_high_identity-img/スクリーンショット 2026-09-30 110709.png,スクリーンショット 2026-09-30 110709.png,work/frames_raw/Sash_high_identity-img/スクリーンショット 2026-09-30 110709.png,1440,1918,2761920,0.750782,249.226,9350.862,118.979,PASS,SUPPLEMENTAL_STILL,3c87f029ac71000d6e12774197f3c38cd61e2f7b4ac95437ca25f93628b2c901
,,,,,,,STEP2_TECHNICAL_METRICS,Sash_high_identity-img/スクリーンショット 2026-09-30 110734.png,1440,2510,58.474,3821.317,125.14,58.214,0.087,0.001,154.0,3893271,73.68,80.7,13,ok,,,Sash_high_identity-img/スクリーンショット 2026-09-30 110734.png,スクリーンショット 2026-09-30 110734.png,work/frames_raw/Sash_high_identity-img/スクリーンショット 2026-09-30 110734.png,1440,2510,3614400,0.573705,58.474,3821.317,125.14,PASS,SUPPLEMENTAL_STILL,0eada9a3cf06146442f336116d5d12c367c7a9eff1948b7c58e6c467749e0a9b
,,,,,,,STEP2_TECHNICAL_METRICS,Sash_high_identity-img/スクリーンショット 2026-09-30 110759.png,1440,3495,23.817,3274.817,130.213,68.625,0.15,0.008,187.0,4070870,47.37,73.68,23,ok,,,Sash_high_identity-img/スクリーンショット 2026-09-30 110759.png,スクリーンショット 2026-09-30 110759.png,work/frames_raw/Sash_high_identity-img/スクリーンショット 2026-09-30 110759.png,1440,3495,5032800,0.412017,23.817,3274.817,130.213,PASS,SUPPLEMENTAL_STILL,169c7e586e4f0dbdb5a24a043c8377c5be3007db70a5c0124b416cbf145370e7
,,,,,,,STEP2_TECHNICAL_METRICS,Sash_high_identity-img/スクリーンショット 2026-09-30 110828.png,1440,2758,5.652,846.399,139.185,50.9,0.114,0.0,158.0,1891673,8.77,14.04,51,ok,,,Sash_high_identity-img/スクリーンショット 2026-09-30 110828.png,スクリーンショット 2026-09-30 110828.png,work/frames_raw/Sash_high_identity-img/スクリーンショット 2026-09-30 110828.png,1440,2758,3971520,0.522117,5.652,846.399,139.185,PASS,SUPPLEMENTAL_STILL,5973edb6ea5a111bd4b9449ecfa121de07721899997b351e95ca61d0ca3bbe6b
,,,,,,,STEP2_TECHNICAL_METRICS,Sash_high_identity-img/スクリーンショット 2026-09-30 110857.png,1440,1920,15.559,1326.989,139.13,43.944,0.085,0.0,94.0,1361211,29.82,24.56,42,ok,,,Sash_high_identity-img/スクリーンショット 2026-09-30 110857.png,スクリーンショット 2026-09-30 110857.png,work/frames_raw/Sash_high_identity-img/スクリーンショット 2026-09-30 110857.png,1440,1920,2764800,0.75,15.559,1326.989,139.13,PASS,SUPPLEMENTAL_STILL,929f498adea2a9e6b64e3ab3efb5f3c751db5b7a45df2883e4012473e993cd8d
,,,,,,,STEP2_TECHNICAL_METRICS,Sash_high_identity-img/スクリーンショット 2026-09-30 110933.png,1440,2241,77.892,3957.905,159.706,56.311,0.022,0.014,146.0,3645214,80.7,84.21,8,ok,,,Sash_high_identity-img/スクリーンショット 2026-09-30 110933.png,スクリーンショット 2026-09-30 110933.png,work/frames_raw/Sash_high_identity-img/スクリーンショット 2026-09-30 110933.png,1440,2241,3227040,0.64257,77.892,3957.905,159.706,PASS,SUPPLEMENTAL_STILL,039598d8883d320f0faf23e0a92e89930e7c8f4431dc8e385b759b5862aaab20
,,,,,,,STEP2_TECHNICAL_METRICS,Sash_high_identity-img/スクリーンショット 2026-09-30 110956.png,1440,2165,10.231,1304.557,139.528,44.361,0.005,0.005,114.0,1856667,22.81,22.81,46,ok,,,Sash_high_identity-img/スクリーンショット 2026-09-30 110956.png,スクリーンショット 2026-09-30 110956.png,work/frames_raw/Sash_high_identity-img/スクリーンショット 2026-09-30 110956.png,1440,2165,3117600,0.665127,10.231,1304.557,139.528,PASS,SUPPLEMENTAL_STILL,39f50451c23a76c75723bfcbf9b8ca3bdf2d6932d66b2be28894cbe17f5c3da1
,,,,,,,STEP2_TECHNICAL_METRICS,Sash_high_identity-img/スクリーンショット 2026-09-30 111016.png,1448,1440,21.657,1800.405,158.121,46.717,0.001,0.017,129.0,1916191,40.35,38.6,38,ok,,,Sash_high_identity-img/スクリーンショット 2026-09-30 111016.png,スクリーンショット 2026-09-30 111016.png,work/frames_raw/Sash_high_identity-img/スクリーンショット 2026-09-30 111016.png,1440,1448,2085120,1.005556,21.657,1800.405,158.121,PASS,SUPPLEMENTAL_STILL,c10bde558c9ee0e1d92019cd35725988a13099309e682aa93395101c19f27f03
,,,,,,,STEP2_TECHNICAL_METRICS,Sash_high_identity-img/スクリーンショット 2026-09-30 111038.png,1440,2270,28.882,2049.461,131.198,51.699,0.032,0.001,139.0,3570097,54.39,57.89,26,ok,,,Sash_high_identity-img/スクリーンショット 2026-09-30 111038.png,スクリーンショット 2026-09-30 111038.png,work/frames_raw/Sash_high_identity-img/スクリーンショット 2026-09-30 111038.png,1440,2270,3268800,0.634361,28.882,2049.461,131.198,PASS,SUPPLEMENTAL_STILL,82329e6ebf99d44898b69126cd292a9b8a604eaf6df70247fdbbea04ecb551c8
,,,,,,,STEP2_TECHNICAL_METRICS,Sash_high_identity-img/スクリーンショット 2026-09-30 111214.png,1440,2847,12.149,1105.848,142.8,79.882,0.143,0.002,188.0,2895975,24.56,15.79,47,ok,,,Sash_high_identity-img/スクリーンショット 2026-09-30 111214.png,スクリーンショット 2026-09-30 111214.png,work/frames_raw/Sash_high_identity-img/スクリーンショット 2026-09-30 111214.png,1440,2847,4099680,0.505796,12.149,1105.848,142.8,PASS,SUPPLEMENTAL_STILL,8eddea217ac67630f87aa72c7322ab5c14f654135e0a7c2102687c4a173b1086
,,,,,,,STEP2_TECHNICAL_METRICS,Sash_high_identity-img/スクリーンショット 2026-09-30 111248.png,1440,3057,9.439,1160.018,153.152,75.631,0.095,0.003,181.0,2982990,15.79,17.54,49,ok,,,Sash_high_identity-img/スクリーンショット 2026-09-30 111248.png,スクリーンショット 2026-09-30 111248.png,work/frames_raw/Sash_high_identity-img/スクリーンショット 2026-09-30 111248.png,1440,3057,4402080,0.47105,9.439,1160.018,153.152,PASS,SUPPLEMENTAL_STILL,9d0903274b427c66e064f12ca61d2902ec4177fc3c665aa9917ebadf66c973f6
,,,,,,,STEP2_TECHNICAL_METRICS,Sash_high_identity-img/スクリーンショット 2026-09-30 111314.png,1440,1677,10.119,1348.355,95.131,54.497,0.222,0.0,140.0,1739378,19.3,28.07,45,ok,,,Sash_high_identity-img/スクリーンショット 2026-09-30 111314.png,スクリーンショット 2026-09-30 111314.png,work/frames_raw/Sash_high_identity-img/スクリーンショット 2026-09-30 111314.png,1440,1677,2414880,0.858676,10.119,1348.355,95.131,PASS,SUPPLEMENTAL_STILL,eccda1ac898b0071e7a7e5e555b6a5950d377ddba1bd62d84c5dcbb4de5bec42
,,,,,,,STEP2_TECHNICAL_METRICS,Sash_high_identity-img/スクリーンショット 2026-09-30 111340.png,1440,2725,20.628,1929.168,148.654,50.617,0.019,0.011,139.0,2770907,36.84,45.61,36,ok,,,Sash_high_identity-img/スクリーンショット 2026-09-30 111340.png,スクリーンショット 2026-09-30 111340.png,work/frames_raw/Sash_high_identity-img/スクリーンショット 2026-09-30 111340.png,1440,2725,3924000,0.52844,20.628,1929.168,148.654,PASS,SUPPLEMENTAL_STILL,4dcea64e759071488186391c35a7cca65df7deafc8386a2adcc3db30a5476efb
,,,,,,,STEP2_TECHNICAL_METRICS,Sash_high_identity-img/スクリーンショット 2026-09-30 111403.png,1440,2680,9.827,791.046,193.982,45.765,0.005,0.326,110.0,2092763,17.54,12.28,50,ok,,,Sash_high_identity-img/スクリーンショット 2026-09-30 111403.png,スクリーンショット 2026-09-30 111403.png,work/frames_raw/Sash_high_identity-img/スクリーンショット 2026-09-30 111403.png,1440,2680,3859200,0.537313,9.827,791.046,193.982,PASS,SUPPLEMENTAL_STILL,58c342a9abcf28674abf22911d8e2425fadcb8fa603bb677ab6b5cb4dc61e082
,,,,,,,STEP2_TECHNICAL_METRICS,Sash_high_identity-img/スクリーンショット 2026-09-30 111733.png,1440,2143,89.857,3411.243,120.948,61.534,0.097,0.004,167.0,3249069,84.21,75.44,9,ok,,,Sash_high_identity-img/スクリーンショット 2026-09-30 111733.png,スクリーンショット 2026-09-30 111733.png,work/frames_raw/Sash_high_identity-img/スクリーンショット 2026-09-30 111733.png,1440,2143,3085920,0.671955,89.857,3411.243,120.948,PASS,SUPPLEMENTAL_STILL,ccbea4421970d01964abd42afc4edb6a730d04e12206af8eb7494f82553bade6
,,,,,,,STEP2_TECHNICAL_METRICS,Sash_high_identity-img/スクリーンショット 2026-09-30 111838.png,1440,1940,32.307,2084.677,148.338,53.101,0.019,0.0,143.0,2310781,57.89,59.65,24,ok,,,Sash_high_identity-img/スクリーンショット 2026-09-30 111838.png,スクリーンショット 2026-09-30 111838.png,work/frames_raw/Sash_high_identity-img/スクリーンショット 2026-09-30 111838.png,1440,1940,2793600,0.742268,32.307,2084.677,148.338,PASS,SUPPLEMENTAL_STILL,8ad01e4df7a74e7d3c853f1976fff086c8607af47f79d8bf0c4212b7f367932a
,,,,,,,STEP2_TECHNICAL_METRICS,Sash_high_identity-img/スクリーンショット 2026-09-30 111857.png,1440,2986,32.411,4177.074,133.512,61.541,0.049,0.046,165.0,4150396,59.65,87.72,15,ok,,,Sash_high_identity-img/スクリーンショット 2026-09-30 111857.png,スクリーンショット 2026-09-30 111857.png,work/frames_raw/Sash_high_identity-img/スクリーンショット 2026-09-30 111857.png,1440,2986,4299840,0.482251,32.411,4177.074,133.512,PASS,SUPPLEMENTAL_STILL,e08a6b7a2c2c68f6a312a5d6edadd218afdb9c13197e19148413e123c322c05b
,,,,,,,STEP2_TECHNICAL_METRICS,Sash_high_identity-img/スクリーンショット 2026-09-30 111946.png,1440,2693,4.397,341.226,172.182,33.801,0.002,0.0,82.0,1646823,5.26,1.75,56,ok,,,Sash_high_identity-img/スクリーンショット 2026-09-30 111946.png,スクリーンショット 2026-09-30 111946.png,work/frames_raw/Sash_high_identity-img/スクリーンショット 2026-09-30 111946.png,1440,2693,3877920,0.53472,4.397,341.226,172.182,PASS,SUPPLEMENTAL_STILL,da9f2740e721b0ee72b797b2b74cb69a24c4171736edb29eb07eeac6a2a726ca
,,,,,,,STEP2_TECHNICAL_METRICS,Sash_high_identity-img/スクリーンショット 2026-09-30 112003.png,1440,2600,8.939,489.798,169.592,35.987,0.003,0.0,87.0,1758492,14.04,7.02,53,ok,,,Sash_high_identity-img/スクリーンショット 2026-09-30 112003.png,スクリーンショット 2026-09-30 112003.png,work/frames_raw/Sash_high_identity-img/スクリーンショット 2026-09-30 112003.png,1440,2600,3744000,0.553846,8.939,489.798,169.592,PASS,SUPPLEMENTAL_STILL,8c65e6116b08f0e265bae2e1cfc82c99b8a1afad978aa49b041b635477344d26
,,,,,,,STEP2_TECHNICAL_METRICS,Sash_high_identity-img/スクリーンショット 2026-09-30 112018.png,1440,2536,5.421,458.228,165.955,38.952,0.006,0.0,95.0,1643789,7.02,5.26,55,ok,,,Sash_high_identity-img/スクリーンショット 2026-09-30 112018.png,スクリーンショット 2026-09-30 112018.png,work/frames_raw/Sash_high_identity-img/スクリーンショット 2026-09-30 112018.png,1440,2536,3651840,0.567823,5.421,458.228,165.955,PASS,SUPPLEMENTAL_STILL,ce96ca9f1169a10beac00bc5e098f956629374b3d62bd63f6d3fbfd03de1b6fe
,,,,,,,STEP2_TECHNICAL_METRICS,Sash_high_identity-img/スクリーンショット 2026-09-30 112040.png,1440,1567,23.485,3960.315,106.866,55.142,0.082,0.015,149.0,2558806,45.61,85.96,20,ok,,,Sash_high_identity-img/スクリーンショット 2026-09-30 112040.png,スクリーンショット 2026-09-30 112040.png,work/frames_raw/Sash_high_identity-img/スクリーンショット 2026-09-30 112040.png,1440,1567,2256480,0.918953,23.485,3960.315,106.866,PASS,SUPPLEMENTAL_STILL,75b2c74ead988b567ea3050291c24c8a23df99de5822c1d04bef2b3b060bdf2e
,,,,,,,STEP2_TECHNICAL_METRICS,Sash_high_identity-img/スクリーンショット 2026-09-30 112113.png,1440,3173,1.528,190.794,149.933,35.319,0.015,0.0,87.0,1394172,1.75,0.0,58,ok,,,Sash_high_identity-img/スクリーンショット 2026-09-30 112113.png,スクリーンショット 2026-09-30 112113.png,work/frames_raw/Sash_high_identity-img/スクリーンショット 2026-09-30 112113.png,1440,3173,4569120,0.453829,1.528,190.794,149.933,PASS,SUPPLEMENTAL_STILL,645715ef7039298124ede051f9acef8af90304ecc9979798a26c02640bb78e67
