frame_id,filename,video_id,input_kind,dataset_generation_id,image_sha256,step8_review_session_id,step8_decision,face_scale_bin,best_score,global_rank,face_bbox_width,face_bbox_height,face_laplacian_canonical_192,face_tenengrad_canonical_192,eye_sharpness,eye_measurement_availability,expected_eye_sides,left_eye_local_detail,right_eye_local_detail,left_eye_measurement_status,right_eye_measurement_status,eye_openness_state,eye_quality_reason,blur_quality_factor,penalty_strength_blur,deduction_blur,deduction_eye_closed,deduction_eye_half_open,deduction_eye_obstruction,skin_texture_score,face_laplacian_score,global_laplacian,face_min_dimension,face_min_dimension_source,legacy_eye_metric_state,step9_diagnostic_state,diagnostic_reason,restoration_executed,image_modified
Sash_high_identity-img/スクリーンショット 2026-09-30 110631.png,Sash_high_identity-img/スクリーンショット 2026-09-30 110631.png,,supplemental_still,b09674fe16b281285380bd5ae7c3d3585b2f787347d7672c74dd053bbbc968c4,6ffe9d03f9da2515801fad6dfb9f8cf045d65c4b9afff09930e42745a586d558,0aee90574e714fb5b6d50709136243fa,STEP8_ACCEPT,UPPER_BODY,94.6240253411306,3,533,533,455.00181452138935,6382.312391493056,,MEASURED,right,2.1170807343166596,3.7683594373636944,NOT_EXPECTED_BY_POSE,VALID,BORDERLINE,OPEN_RATIO_ASYMMETRY_NOT_A_DEFECT,1.0,0.0,0.0,0.0,0.0,0.0,0.1681117189347346,,383.62,533.0,STORED_BBOX_MIN_SAME_STEP3_FORMULA,UNAVAILABLE,RESTORATION_NOT_NEEDED,EXISTING_STEP9_PROTECTED_SHOT,NO,NO
Sash_high_identity-img/スクリーンショット 2026-09-30 105042.png,Sash_high_identity-img/スクリーンショット 2026-09-30 105042.png,,supplemental_still,b09674fe16b281285380bd5ae7c3d3585b2f787347d7672c74dd053bbbc968c4,b00b7424e495a3008ed527dad58967eb5ec58d47c7126c9388c29d4821b1a608,0aee90574e714fb5b6d50709136243fa,STEP8_ACCEPT,UPPER_BODY,94.45735867446393,6,461,460,371.9922648881689,9258.331922743055,,MEASURED,left;right,3.059366413641793,2.3247391515497537,VALID,VALID,OPEN,OPEN;OPEN,1.0,0.0,0.0,0.0,0.0,0.0,0.3341547103221761,,75.83,460.0,STORED_BBOX_MIN_SAME_STEP3_FORMULA,UNAVAILABLE,RESTORATION_NOT_NEEDED,EXISTING_STEP9_PROTECTED_SHOT,NO,NO
Sash_high_identity-img/652794808_18008722232838431_6335316425841053458_n.jpg,Sash_high_identity-img/652794808_18008722232838431_6335316425841053458_n.jpg,,supplemental_still,b09674fe16b281285380bd5ae7c3d3585b2f787347d7672c74dd053bbbc968c4,7e79954866df79ee93eb2603785c36d6dc37308bb7965c8f72d004fc1da683f1,0aee90574e714fb5b6d50709136243fa,STEP8_ACCEPT,CLOSE_UP,94.20492202729045,8,602,602,283.38797156016034,4704.12744140625,,MEASURED,left;right,2.890824573871417,2.741463392040472,VALID,VALID,OPEN,OPEN;OPEN,1.0,0.0,0.0,0.0,0.0,0.0,0.5972166443161917,,256.99,602.0,STORED_BBOX_MIN_SAME_STEP3_FORMULA,UNAVAILABLE,RESTORATION_NOT_NEEDED,EXISTING_STEP9_PROTECTED_SHOT,NO,NO
Sash_high_identity-img/スクリーンショット 2026-09-30 111838.png,Sash_high_identity-img/スクリーンショット 2026-09-30 111838.png,,supplemental_still,b09674fe16b281285380bd5ae7c3d3585b2f787347d7672c74dd053bbbc968c4,8ad01e4df7a74e7d3c853f1976fff086c8607af47f79d8bf0c4212b7f367932a,0aee90574e714fb5b6d50709136243fa,STEP8_ACCEPT,FULL_BODY,94.08114035087719,9,333,333,97.88403516934243,5446.805555555556,,MEASURED,left;right,4.461852275626685,2.720735632183506,VALID,VALID,OPEN,OPEN;OPEN,1.0,0.0,0.0,0.0,0.0,0.0,0.10966278227101268,,32.307,333.0,STORED_BBOX_MIN_SAME_STEP3_FORMULA,UNAVAILABLE,REVIEW_RECOMMENDED,EXISTING_STEP9_EYE_METRIC_UNAVAILABLE,NO,NO
Sash_high_identity-img/スクリーンショット 2026-09-30 105148.png,Sash_high_identity-img/スクリーンショット 2026-09-30 105148.png,,supplemental_still,b09674fe16b281285380bd5ae7c3d3585b2f787347d7672c74dd053bbbc968c4,42d1c0835c99d8c65838be3837379c1b787341efd5be8282aa94540a17ba85a5,0aee90574e714fb5b6d50709136243fa,STEP8_ACCEPT,UPPER_BODY,94.0582358674464,10,527,527,446.16750664181177,9671.851833767361,,MEASURED,left;right,1.9407238839127254,2.0823753358184502,VALID,VALID,OPEN,OPEN;OPEN,1.0,0.0,0.0,0.0,0.0,0.0,0.7812878801819345,,24.575,527.0,STORED_BBOX_MIN_SAME_STEP3_FORMULA,UNAVAILABLE,RESTORATION_NOT_NEEDED,EXISTING_STEP9_PROTECTED_SHOT,NO,NO
Sash_high_identity-img/SaveTik.co_7543503138088537379_2.jpeg,Sash_high_identity-img/SaveTik.co_7543503138088537379_2.jpeg,,supplemental_still,b09674fe16b281285380bd5ae7c3d3585b2f787347d7672c74dd053bbbc968c4,eec26220770cc91fb2d77dc2718a6f4c6752ccb07e02fe03b31dab942f3c9094,0aee90574e714fb5b6d50709136243fa,STEP8_ACCEPT,FULL_BODY,93.82383040935673,13,307,307,195.4417095353574,4385.314778645833,,MEASURED,left;right,3.944987729674791,4.867044358133073,VALID,VALID,OPEN,OPEN;OPEN,1.0,0.0,0.0,0.0,0.0,0.0,0.06617992282380894,,124.3,307.0,STORED_BBOX_MIN_SAME_STEP3_FORMULA,UNAVAILABLE,REVIEW_RECOMMENDED,EXISTING_STEP9_EYE_METRIC_UNAVAILABLE,NO,NO
Sash_high_identity-img/654025529_18101141824898533_326058541450589604_n.jpg,Sash_high_identity-img/654025529_18101141824898533_326058541450589604_n.jpg,,supplemental_still,b09674fe16b281285380bd5ae7c3d3585b2f787347d7672c74dd053bbbc968c4,914f8228e99602a9d71ae2f4f9796ddcc5122a5011fc49b05dd4a079bea8b5b7,0aee90574e714fb5b6d50709136243fa,STEP8_ACCEPT,CLOSE_UP,93.76486354775828,14,687,686,284.75953572988504,5013.154513888889,,MEASURED,left;right,2.6291948864342682,2.729254229105162,VALID,VALID,OPEN,OPEN;OPEN,1.0,0.0,0.0,0.0,0.0,0.0,0.1545717100087057,,260.332,686.0,STORED_BBOX_MIN_SAME_STEP3_FORMULA,UNAVAILABLE,RESTORATION_NOT_NEEDED,EXISTING_STEP9_PROTECTED_SHOT,NO,NO
Sash_high_identity-img/スクリーンショット 2026-09-30 105344.png,Sash_high_identity-img/スクリーンショット 2026-09-30 105344.png,,supplemental_still,b09674fe16b281285380bd5ae7c3d3585b2f787347d7672c74dd053bbbc968c4,4dbced93c1e4d05b516c65feef30da7cc9bfa6917f24e4e54927dfdd2e592a85,0aee90574e714fb5b6d50709136243fa,STEP8_ACCEPT,UPPER_BODY,93.5796783625731,16,532,532,225.1070622154224,6788.279947916667,,MEASURED,left;right,2.645543717302227,2.8510719135689806,VALID,VALID,OPEN,OPEN;OPEN,1.0,0.0,0.0,0.0,0.0,0.0,0.009363680830345562,,15.412,532.0,STORED_BBOX_MIN_SAME_STEP3_FORMULA,UNAVAILABLE,RESTORATION_NOT_NEEDED,EXISTING_STEP9_PROTECTED_SHOT,NO,NO
Sash_high_identity-img/スクリーンショット 2026-09-30 110644.png,Sash_high_identity-img/スクリーンショット 2026-09-30 110644.png,,supplemental_still,b09674fe16b281285380bd5ae7c3d3585b2f787347d7672c74dd053bbbc968c4,c4ddd636159cacc32e7d0fab42fd6069d8c5aba60b930399c5f2d3ea49bf2e5e,0aee90574e714fb5b6d50709136243fa,STEP8_ACCEPT,CLOSE_UP,93.51778752436647,17,656,656,527.6668723416917,7243.058430989583,,MEASURED,left;right,2.9808790273142516,2.132179347197659,VALID,VALID,OPEN,OPEN;OPEN,1.0,0.0,0.0,0.0,0.0,0.0,0.1848535693560628,,164.807,656.0,STORED_BBOX_MIN_SAME_STEP3_FORMULA,UNAVAILABLE,RESTORATION_NOT_NEEDED,EXISTING_STEP9_PROTECTED_SHOT,NO,NO
Sasha_v23/Sasha_v23_001.png,Sasha_v23/Sasha_v23_001.png,Sasha_v23,formal_video,bd72f194f62260fb728b77b26c75c5491b178908bff53393e197c11137bf9a40,8d189f91cdfbb280fe60fd325a5f5bc8a4888e2060de851791df8694c7b147b2,0aee90574e714fb5b6d50709136243fa,STEP8_ACCEPT,UPPER_BODY,93.49110222038465,18,635,634,257.49793770578174,6412.097819010417,,MEASURED,left;right,1.7237965609726669,1.6662885065496427,VALID,VALID,OPEN,OPEN;OPEN,1.0,0.0,0.0,0.0,0.0,0.0,0.09520114059864038,,75.146,634.0,STORED_BBOX_MIN_SAME_STEP3_FORMULA,UNAVAILABLE,RESTORATION_NOT_NEEDED,EXISTING_STEP9_PROTECTED_SHOT,NO,NO
Sash_high_identity-img/スクリーンショット 2026-09-30 111248.png,Sash_high_identity-img/スクリーンショット 2026-09-30 111248.png,,supplemental_still,b09674fe16b281285380bd5ae7c3d3585b2f787347d7672c74dd053bbbc968c4,9d0903274b427c66e064f12ca61d2902ec4177fc3c665aa9917ebadf66c973f6,0aee90574e714fb5b6d50709136243fa,STEP8_ACCEPT,FULL_BODY,93.36232943469786,19,417,417,107.76348954365577,4677.693522135417,,MEASURED,left;right,2.661517810265939,2.7471606402430724,VALID,VALID,OPEN,OPEN;OPEN,1.0,0.0,0.0,0.0,0.0,0.0,0.10864357575265485,,9.439,417.0,STORED_BBOX_MIN_SAME_STEP3_FORMULA,UNAVAILABLE,REVIEW_RECOMMENDED,EXISTING_STEP9_EYE_METRIC_UNAVAILABLE,NO,NO
Sash_high_identity-img/スクリーンショット 2026-09-30 111038.png,Sash_high_identity-img/スクリーンショット 2026-09-30 111038.png,,supplemental_still,b09674fe16b281285380bd5ae7c3d3585b2f787347d7672c74dd053bbbc968c4,82329e6ebf99d44898b69126cd292a9b8a604eaf6df70247fdbbea04ecb551c8,0aee90574e714fb5b6d50709136243fa,STEP8_ACCEPT,UPPER_BODY,93.04507797270955,20,622,622,283.1480041425905,4988.980143229167,,MEASURED,left;right,1.9083188837663934,1.9578304826462516,VALID,VALID,OPEN,OPEN;OPEN,1.0,0.0,0.0,0.0,0.0,0.0,0.2678724973059654,,28.882,622.0,STORED_BBOX_MIN_SAME_STEP3_FORMULA,UNAVAILABLE,RESTORATION_NOT_NEEDED,EXISTING_STEP9_PROTECTED_SHOT,NO,NO
Sash_high_identity-img/スクリーンショット 2026-09-30 111214.png,Sash_high_identity-img/スクリーンショット 2026-09-30 111214.png,,supplemental_still,b09674fe16b281285380bd5ae7c3d3585b2f787347d7672c74dd053bbbc968c4,8eddea217ac67630f87aa72c7322ab5c14f654135e0a7c2102687c4a173b1086,0aee90574e714fb5b6d50709136243fa,STEP8_ACCEPT,UPPER_BODY,92.98172514619883,22,555,555,161.19392532698905,4414.737358940973,,MEASURED,left;right,2.213650815732777,2.4023748227353194,VALID,VALID,OPEN,OPEN;OPEN,1.0,0.0,0.0,0.0,0.0,0.0,0.11328548057284729,,12.149,555.0,STORED_BBOX_MIN_SAME_STEP3_FORMULA,UNAVAILABLE,RESTORATION_NOT_NEEDED,EXISTING_STEP9_PROTECTED_SHOT,NO,NO
Sash_high_identity-img/スクリーンショット 2026-09-30 111403.png,Sash_high_identity-img/スクリーンショット 2026-09-30 111403.png,,supplemental_still,b09674fe16b281285380bd5ae7c3d3585b2f787347d7672c74dd053bbbc968c4,58c342a9abcf28674abf22911d8e2425fadcb8fa603bb677ab6b5cb4dc61e082,0aee90574e714fb5b6d50709136243fa,STEP8_ACCEPT,UPPER_BODY,92.3949805068226,23,529,529,107.40289740429984,3778.829644097222,,MEASURED,left;right,2.6417502949816414,2.5705159677627614,VALID,VALID,OPEN,OPEN;OPEN,1.0,0.0,0.0,0.0,0.0,0.0,0.009024194457507422,,9.827,529.0,STORED_BBOX_MIN_SAME_STEP3_FORMULA,UNAVAILABLE,RESTORATION_NOT_NEEDED,EXISTING_STEP9_PROTECTED_SHOT,NO,NO
Sash_high_identity-img/スクリーンショット 2026-09-30 112018.png,Sash_high_identity-img/スクリーンショット 2026-09-30 112018.png,,supplemental_still,b09674fe16b281285380bd5ae7c3d3585b2f787347d7672c74dd053bbbc968c4,ce96ca9f1169a10beac00bc5e098f956629374b3d62bd63f6d3fbfd03de1b6fe,0aee90574e714fb5b6d50709136243fa,STEP8_ACCEPT,UPPER_BODY,92.3740253411306,24,556,555,113.82445820172627,4339.305989583333,,MEASURED,left;right,2.0227811847481485,2.1816626756874715,VALID,VALID,OPEN,OPEN;OPEN,1.0,0.0,0.0,0.0,0.0,0.0,0.03593161241451004,,5.421,555.0,STORED_BBOX_MIN_SAME_STEP3_FORMULA,UNAVAILABLE,RESTORATION_NOT_NEEDED,EXISTING_STEP9_PROTECTED_SHOT,NO,NO
Sash_high_identity-img/スクリーンショット 2026-09-30 110609.png,Sash_high_identity-img/スクリーンショット 2026-09-30 110609.png,,supplemental_still,b09674fe16b281285380bd5ae7c3d3585b2f787347d7672c74dd053bbbc968c4,a0187e624e4d50d20edcb5cd1acc1e6c644a896dae14b98fdc748d2daa502645,0aee90574e714fb5b6d50709136243fa,STEP8_ACCEPT,CLOSE_UP,92.32172920560801,25,744,744,513.7796179917124,6632.559407552083,,MEASURED,left;right,2.0480553358142175,2.7787043357244654,VALID,VALID,OPEN,OPEN;OPEN,1.0,0.0,0.0,0.0,0.0,0.0,0.2118813894175942,,246.915,744.0,STORED_BBOX_MIN_SAME_STEP3_FORMULA,UNAVAILABLE,RESTORATION_NOT_NEEDED,EXISTING_STEP9_PROTECTED_SHOT,NO,NO
Sash_high_identity-img/スクリーンショット 2026-09-30 110439.png,Sash_high_identity-img/スクリーンショット 2026-09-30 110439.png,,supplemental_still,b09674fe16b281285380bd5ae7c3d3585b2f787347d7672c74dd053bbbc968c4,16bb9d481f23ed13e9e856fbe29858cf11db3a1f314dcac577aed1066e270119,0aee90574e714fb5b6d50709136243fa,STEP8_ACCEPT,UPPER_BODY,91.97532674515003,26,553,553,198.6556683646308,4222.844563802083,,MEASURED,left;right,1.7363370480185116,1.9678529890066296,VALID,VALID,OPEN,OPEN;OPEN,1.0,0.0,0.0,0.0,0.0,0.0,0.5155866264894284,,37.589,553.0,STORED_BBOX_MIN_SAME_STEP3_FORMULA,UNAVAILABLE,RESTORATION_NOT_NEEDED,EXISTING_STEP9_PROTECTED_SHOT,NO,NO
Sash_high_identity-img/スクリーンショット 2026-09-30 110314.png,Sash_high_identity-img/スクリーンショット 2026-09-30 110314.png,,supplemental_still,b09674fe16b281285380bd5ae7c3d3585b2f787347d7672c74dd053bbbc968c4,8a0196bb5640a5fba0510741f1cdb5f6faaa258ae90716a61349945c95a035ec,0aee90574e714fb5b6d50709136243fa,STEP8_ACCEPT,UPPER_BODY,87.16833336914982,31,489,489,94.08493089013629,3521.57763671875,,MEASURED,left;right,3.381736056618999,2.4993977455483987,VALID,VALID,OPEN,OPEN;OPEN,0.9830422685449477,0.0,0.0,0.0,0.0,0.0,0.009178519209133835,,101.902,489.0,STORED_BBOX_MIN_SAME_STEP3_FORMULA,UNAVAILABLE,RESTORATION_NOT_NEEDED,EXISTING_STEP9_PROTECTED_SHOT,NO,NO
Sash_high_identity-img/スクリーンショット 2026-09-30 110734.png,Sash_high_identity-img/スクリーンショット 2026-09-30 110734.png,,supplemental_still,b09674fe16b281285380bd5ae7c3d3585b2f787347d7672c74dd053bbbc968c4,0eada9a3cf06146442f336116d5d12c367c7a9eff1948b7c58e6c467749e0a9b,0aee90574e714fb5b6d50709136243fa,STEP8_ACCEPT,CLOSE_UP,86.65856292946249,35,1005,1005,469.6991991790724,5892.801323784723,,MEASURED,left;right,1.655740216779109,1.823068220676598,VALID,VALID,OPEN,OPEN;OPEN,0.9782428921831418,0.0,0.0,0.0,0.0,0.0,0.206900871766326,,58.474,1005.0,STORED_BBOX_MIN_SAME_STEP3_FORMULA,UNAVAILABLE,RESTORATION_NOT_NEEDED,EXISTING_STEP9_PROTECTED_SHOT,NO,NO
Sash_high_identity-img/スクリーンショット 2026-09-30 111314.png,Sash_high_identity-img/スクリーンショット 2026-09-30 111314.png,,supplemental_still,b09674fe16b281285380bd5ae7c3d3585b2f787347d7672c74dd053bbbc968c4,eccda1ac898b0071e7a7e5e555b6a5950d377ddba1bd62d84c5dcbb4de5bec42,0aee90574e714fb5b6d50709136243fa,STEP8_ACCEPT,CLOSE_UP,86.65402398198408,36,689,689,96.55945860015021,2836.6422526041665,,MEASURED,left;right,2.3631460669089717,2.613526264503037,VALID,VALID,OPEN,OPEN;OPEN,0.8822787963313234,0.0,0.0,0.0,0.0,0.0,0.0425733281604463,,10.119,689.0,STORED_BBOX_MIN_SAME_STEP3_FORMULA,UNAVAILABLE,RESTORATION_NOT_NEEDED,EXISTING_STEP9_PROTECTED_SHOT,NO,NO
Sash_high_identity-img/スクリーンショット 2026-09-30 111340.png,Sash_high_identity-img/スクリーンショット 2026-09-30 111340.png,,supplemental_still,b09674fe16b281285380bd5ae7c3d3585b2f787347d7672c74dd053bbbc968c4,4dcea64e759071488186391c35a7cca65df7deafc8386a2adcc3db30a5476efb,0aee90574e714fb5b6d50709136243fa,STEP8_ACCEPT,CLOSE_UP,85.61679005762052,37,858,859,195.2924039363861,3339.597222222222,,MEASURED,left;right,1.730055826567125,2.894027533043101,VALID,VALID,OPEN,OPEN;OPEN,0.9573056096657835,0.0,0.0,0.0,0.0,0.0,0.013099366319731543,,20.628,858.0,STORED_BBOX_MIN_SAME_STEP3_FORMULA,UNAVAILABLE,RESTORATION_NOT_NEEDED,EXISTING_STEP9_PROTECTED_SHOT,NO,NO
Sash_high_identity-img/スクリーンショット 2026-09-30 111946.png,Sash_high_identity-img/スクリーンショット 2026-09-30 111946.png,,supplemental_still,b09674fe16b281285380bd5ae7c3d3585b2f787347d7672c74dd053bbbc968c4,da9f2740e721b0ee72b797b2b74cb69a24c4171736edb29eb07eeac6a2a726ca,0aee90574e714fb5b6d50709136243fa,STEP8_ACCEPT,UPPER_BODY,84.22362621278778,39,445,446,60.01233037018483,3886.77099609375,,MEASURED,left;right,2.42017465063656,2.0578325615309434,VALID,VALID,OPEN,OPEN;OPEN,0.8040585021147846,0.0,0.0,0.0,0.0,0.0,0.04120690922400671,,4.397,445.0,STORED_BBOX_MIN_SAME_STEP3_FORMULA,UNAVAILABLE,RESTORATION_NOT_NEEDED,EXISTING_STEP9_PROTECTED_SHOT,NO,NO
Sash_high_identity-img/スクリーンショット 2026-09-30 110933.png,Sash_high_identity-img/スクリーンショット 2026-09-30 110933.png,,supplemental_still,b09674fe16b281285380bd5ae7c3d3585b2f787347d7672c74dd053bbbc968c4,039598d8883d320f0faf23e0a92e89930e7c8f4431dc8e385b759b5862aaab20,0aee90574e714fb5b6d50709136243fa,STEP8_ACCEPT,CLOSE_UP,83.83930702031297,40,819,819,261.0096283422576,5251.367892795139,,MEASURED,left;right,1.4441285059509588,1.8476699064941238,VALID,VALID,OPEN,OPEN;OPEN,0.8532186583555418,0.0,0.0,0.0,0.0,0.0,0.10286072538261695,,77.892,819.0,STORED_BBOX_MIN_SAME_STEP3_FORMULA,UNAVAILABLE,RESTORATION_NOT_NEEDED,EXISTING_STEP9_PROTECTED_SHOT,NO,NO
Sash_high_identity-img/スクリーンショット 2026-09-30 111857.png,Sash_high_identity-img/スクリーンショット 2026-09-30 111857.png,,supplemental_still,b09674fe16b281285380bd5ae7c3d3585b2f787347d7672c74dd053bbbc968c4,e08a6b7a2c2c68f6a312a5d6edadd218afdb9c13197e19148413e123c322c05b,0aee90574e714fb5b6d50709136243fa,STEP8_ACCEPT,FULL_BODY,80.0111335023752,46,367,368,63.362626746941714,4648.908246977548,,MEASURED,left;right,2.2755657375416205,1.2273332208712766,VALID,VALID,OPEN,OPEN;OPEN,0.8261977145899597,0.0,0.0,0.0,0.0,0.0,0.26245421291289045,,32.411,367.0,STORED_BBOX_MIN_SAME_STEP3_FORMULA,UNAVAILABLE,REVIEW_RECOMMENDED,EXISTING_STEP9_EYE_METRIC_UNAVAILABLE,NO,NO
Sash_high_identity-img/スクリーンショット 2026-09-30 105518.png,Sash_high_identity-img/スクリーンショット 2026-09-30 105518.png,,supplemental_still,b09674fe16b281285380bd5ae7c3d3585b2f787347d7672c74dd053bbbc968c4,ca5b6f723dff330e6dcaa087927cc16683eff75cae8019b43c04386117c9c931,0aee90574e714fb5b6d50709136243fa,STEP8_ACCEPT,FULL_BODY,78.79251770102839,49,324,324,337.249480491803,11525.453070746527,,MEASURED,left;right,5.008230671919409,5.430310931068878,VALID,VALID,BORDERLINE,OPEN_RATIO_ASYMMETRY_NOT_A_DEFECT;HALF_OPEN_EXISTING_DIAGNOSTIC,1.0,0.0,0.0,0.0,0.0,0.0,0.051645176153335186,,69.732,324.0,STORED_BBOX_MIN_SAME_STEP3_FORMULA,UNAVAILABLE,REVIEW_RECOMMENDED,EXISTING_STEP9_EYE_METRIC_UNAVAILABLE,NO,NO
Sasha_v05/Sasha_v05_021.png,Sasha_v05/Sasha_v05_021.png,Sasha_v05,formal_video,bd72f194f62260fb728b77b26c75c5491b178908bff53393e197c11137bf9a40,62833f8c8ab82df9d18b3fa299130e152fbe8e52505141860f8babece139ff68,0aee90574e714fb5b6d50709136243fa,STEP8_ACCEPT,FULL_BODY,78.38294794250537,50,470,470,46.4193657298147,2802.4283854166665,,MEASURED,left;right,1.8358233780312334,2.769113253808076,VALID,VALID,OPEN,OPEN;OPEN,0.6201372566246167,0.0,0.0,0.0,0.0,0.0,0.06307682157958058,,36.271,470.0,STORED_BBOX_MIN_SAME_STEP3_FORMULA,UNAVAILABLE,REVIEW_RECOMMENDED,EXISTING_STEP9_EYE_METRIC_UNAVAILABLE,NO,NO
Sash_high_identity-img/スクリーンショット 2026-09-30 110409.png,Sash_high_identity-img/スクリーンショット 2026-09-30 110409.png,,supplemental_still,b09674fe16b281285380bd5ae7c3d3585b2f787347d7672c74dd053bbbc968c4,572862e0937b5ab122f78853f6db2b5d3acdc3b1b2bc2662762e086a03b5107a,0aee90574e714fb5b6d50709136243fa,STEP8_ACCEPT,UPPER_BODY,78.34830229512767,51,467,467,69.00501278300345,2573.4309895833335,,MEASURED,left;right,2.2713289917612665,1.8378804638908641,VALID,VALID,OPEN,OPEN;OPEN,0.7245486383942679,0.0,0.0,0.0,0.0,0.0,0.053856960114713456,,25.772,467.0,STORED_BBOX_MIN_SAME_STEP3_FORMULA,UNAVAILABLE,RESTORATION_NOT_NEEDED,EXISTING_STEP9_PROTECTED_SHOT,NO,NO
Sash_high_identity-img/スクリーンショット 2026-09-30 110424.png,Sash_high_identity-img/スクリーンショット 2026-09-30 110424.png,,supplemental_still,b09674fe16b281285380bd5ae7c3d3585b2f787347d7672c74dd053bbbc968c4,2a1b6fa8f24cc5ea4a658d6851c65c5f986488949ccb7d07c7d09d4e390151cd,0aee90574e714fb5b6d50709136243fa,STEP8_ACCEPT,CLOSE_UP,74.88297635846313,56,698,698,73.43584090618441,2530.1608615451387,,MEASURED,left;right,1.5082649094270666,1.515641865746055,VALID,VALID,OPEN,OPEN;OPEN,0.6604366935206083,0.054980824378643205,0.0,0.0,0.0,0.0,0.01158640490413017,,41.223,698.0,STORED_BBOX_MIN_SAME_STEP3_FORMULA,UNAVAILABLE,RESTORATION_NOT_NEEDED,EXISTING_STEP9_PROTECTED_SHOT,NO,NO
Sash_high_identity-img/スクリーンショット 2026-09-30 110504.png,Sash_high_identity-img/スクリーンショット 2026-09-30 110504.png,,supplemental_still,b09674fe16b281285380bd5ae7c3d3585b2f787347d7672c74dd053bbbc968c4,6a6adfe01ab3f532088b9fddfff186e13aebcf6f76b944ba93e3b05bb1858b0a,0aee90574e714fb5b6d50709136243fa,STEP8_ACCEPT,UPPER_BODY,71.77630164312025,62,430,430,40.33607543839348,2423.5738932291665,,MEASURED,left;right,2.702464596298008,2.6076955725159405,VALID,VALID,OPEN,OPEN;OPEN,0.5375834797914865,0.0,0.0,0.0,0.0,0.0,0.05042687683693179,,37.941,430.0,STORED_BBOX_MIN_SAME_STEP3_FORMULA,UNAVAILABLE,RESTORATION_NOT_NEEDED,EXISTING_STEP9_PROTECTED_SHOT,NO,NO
Sash_high_identity-img/スクリーンショット 2026-09-30 110039.png,Sash_high_identity-img/スクリーンショット 2026-09-30 110039.png,,supplemental_still,b09674fe16b281285380bd5ae7c3d3585b2f787347d7672c74dd053bbbc968c4,2144136bb1d9e3e9bd4b1b132b88c224f8c54962ba06dfdbe6b597572002482d,0aee90574e714fb5b6d50709136243fa,STEP8_ACCEPT,FULL_BODY,71.59585842386116,63,320,321,39.41460492213567,2511.5316297743057,,MEASURED,left;right,3.460295675467857,2.596758264568088,VALID,VALID,OPEN,OPEN;OPEN,0.5409646367626167,0.0,0.0,0.0,0.0,0.0,0.07675317072822048,,27.73,320.0,STORED_BBOX_MIN_SAME_STEP3_FORMULA,UNAVAILABLE,REVIEW_RECOMMENDED,EXISTING_STEP9_EYE_METRIC_UNAVAILABLE,NO,NO
Sash_high_identity-img/スクリーンショット 2026-09-30 110146.png,Sash_high_identity-img/スクリーンショット 2026-09-30 110146.png,,supplemental_still,b09674fe16b281285380bd5ae7c3d3585b2f787347d7672c74dd053bbbc968c4,8fc91b287245c84dacf198e8926168a23dafec8e757c6fb4d124a44895af10fb,0aee90574e714fb5b6d50709136243fa,STEP8_ACCEPT,FULL_BODY,70.45823215981204,66,266,266,33.449468751012546,2880.4693467881943,,MEASURED,left,3.465115083613996,3.396852677575188,VALID,NOT_EXPECTED_BY_POSE,BORDERLINE,HALF_OPEN_EXISTING_DIAGNOSTIC,0.5336999994470705,0.0,0.0,0.0,0.0,0.0,0.14790985811991908,,77.51,266.0,STORED_BBOX_MIN_SAME_STEP3_FORMULA,UNAVAILABLE,REVIEW_RECOMMENDED,EXISTING_STEP9_EYE_METRIC_UNAVAILABLE,NO,NO
Sasha_v22/Sasha_v22_020.png,Sasha_v22/Sasha_v22_020.png,Sasha_v22,formal_video,bd72f194f62260fb728b77b26c75c5491b178908bff53393e197c11137bf9a40,1e87833fca47593501ecae97a6a74ad983a2ec6c6de93cb990bbb92f4c57c0f7,0aee90574e714fb5b6d50709136243fa,STEP8_ACCEPT,CLOSE_UP,67.93940427836182,80,1118,1117,99.87649458131672,2623.124077690972,,MEASURED,left;right,1.113652857034374,1.318782029737958,VALID,VALID,OPEN,OPEN;OPEN,0.558235323825834,0.23113980177347532,0.0,0.0,0.0,0.0,0.0223176242249708,,7.879,1117.0,STORED_BBOX_MIN_SAME_STEP3_FORMULA,UNAVAILABLE,RESTORATION_NOT_NEEDED,EXISTING_STEP9_PROTECTED_SHOT,NO,NO
Sasha_v41/Sasha_v41_005.png,Sasha_v41/Sasha_v41_005.png,Sasha_v41,formal_video,bd72f194f62260fb728b77b26c75c5491b178908bff53393e197c11137bf9a40,8337064d693533ddb8392c91635f121b67b677f0aa36633db0c8a7d20c5ffbc3,0aee90574e714fb5b6d50709136243fa,STEP8_ACCEPT,CLOSE_UP,65.73900558954591,86,1325,1325,131.11736670173244,4138.931206597223,,MEASURED,left;right,0.9171315518992432,0.9160273093977067,VALID,VALID,OPEN,OPEN;OPEN,0.5097797988264033,0.4271377164549102,0.0,0.0,0.0,0.0,0.020906181611705786,,6.28,1325.0,STORED_BBOX_MIN_SAME_STEP3_FORMULA,UNAVAILABLE,RESTORATION_NOT_NEEDED,EXISTING_STEP9_PROTECTED_SHOT,NO,NO
Sasha_v22/Sasha_v22_035.png,Sasha_v22/Sasha_v22_035.png,Sasha_v22,formal_video,bd72f194f62260fb728b77b26c75c5491b178908bff53393e197c11137bf9a40,abe38c9fd5c7b35edc1f0b7e8dbe833cbcf3189f2ec3185347fc8dcfd855ac0e,0aee90574e714fb5b6d50709136243fa,STEP8_ACCEPT,CLOSE_UP,65.64747502672894,87,1192,1192,406.3612417578697,3203.792426215278,,MEASURED,left;right,1.0066251204899181,1.0276390666981514,VALID,VALID,OPEN,OPEN;OPEN,0.5362293112690061,0.3642332484964254,0.0,0.0,0.0,0.0,0.009990385580051756,,10.642,1192.0,STORED_BBOX_MIN_SAME_STEP3_FORMULA,UNAVAILABLE,RESTORATION_NOT_NEEDED,EXISTING_STEP9_PROTECTED_SHOT,NO,NO
Sash_high_identity-img/スクリーンショット 2026-09-30 110956.png,Sash_high_identity-img/スクリーンショット 2026-09-30 110956.png,,supplemental_still,b09674fe16b281285380bd5ae7c3d3585b2f787347d7672c74dd053bbbc968c4,39f50451c23a76c75723bfcbf9b8ca3bdf2d6932d66b2be28894cbe17f5c3da1,0aee90574e714fb5b6d50709136243fa,STEP8_ACCEPT,FULL_BODY,64.04175957274241,97,230,229,21.75522105447555,2475.5885686528495,,MEASURED,left;right,1.5374829943048132,1.9556867798634157,VALID,VALID,OPEN,OPEN;OPEN,0.3990175021663531,0.12663948791160373,0.0,0.0,0.0,0.0,0.16651722416470005,,10.231,229.0,STORED_BBOX_MIN_SAME_STEP3_FORMULA,UNAVAILABLE,REVIEW_RECOMMENDED,EXISTING_STEP9_EYE_METRIC_UNAVAILABLE,NO,NO
Sasha_v08/Sasha_v08_020.png,Sasha_v08/Sasha_v08_020.png,Sasha_v08,formal_video,bd72f194f62260fb728b77b26c75c5491b178908bff53393e197c11137bf9a40,7e45e25d4167d081f6ce47feecf7886ee22b16df17d3ae6f37508a44ca57f637,0aee90574e714fb5b6d50709136243fa,STEP8_ACCEPT,UPPER_BODY,63.769343541698035,99,791,791,69.30759541782332,2852.7033420138887,,MEASURED,left;right,0.9126954843033322,1.1323869324883276,VALID,VALID,OPEN,OPEN;OPEN,0.4817910538158997,0.3543218505665211,0.0,0.0,0.0,0.0,0.07285790599759503,,14.224,791.0,STORED_BBOX_MIN_SAME_STEP3_FORMULA,UNAVAILABLE,RESTORATION_NOT_NEEDED,EXISTING_STEP9_PROTECTED_SHOT,NO,NO
Sasha_v23/Sasha_v23_002.png,Sasha_v23/Sasha_v23_002.png,Sasha_v23,formal_video,bd72f194f62260fb728b77b26c75c5491b178908bff53393e197c11137bf9a40,b5f5e30559ee45f282c75c1000aadbf1b739957702e5dbd4ab5d190340553967,0aee90574e714fb5b6d50709136243fa,STEP8_ACCEPT,UPPER_BODY,63.49076870318269,101,645,645,285.77052619648566,6385.458333333333,,MEASURED,right,2.194152525765853,1.103613108630532,NOT_EXPECTED_BY_POSE,VALID,BORDERLINE,OPEN_RATIO_ASYMMETRY_NOT_A_DEFECT,0.7162706613373354,0.0,0.0,0.0,0.0,0.0,0.09557686387977543,,64.706,645.0,STORED_BBOX_MIN_SAME_STEP3_FORMULA,UNAVAILABLE,RESTORATION_NOT_NEEDED,EXISTING_STEP9_PROTECTED_SHOT,NO,NO
Sasha_v16/Sasha_v16_001.png,Sasha_v16/Sasha_v16_001.png,Sasha_v16,formal_video,bd72f194f62260fb728b77b26c75c5491b178908bff53393e197c11137bf9a40,b01e3f8a3ce27b2d1be0a0753a31834599bd7407481c896e3ad1c40863e27b63,0aee90574e714fb5b6d50709136243fa,STEP8_ACCEPT,UPPER_BODY,62.276622424525875,108,974,974,80.16994317299054,4529.578776041667,,MEASURED,left;right,0.7337942659323035,1.0114911676290959,VALID,VALID,OPEN,OPEN;OPEN,0.46366007401781706,0.4462385000046404,0.0,0.0,0.0,0.0,0.03288347546134028,,4.083,974.0,STORED_BBOX_MIN_SAME_STEP3_FORMULA,UNAVAILABLE,RESTORATION_NOT_NEEDED,EXISTING_STEP9_PROTECTED_SHOT,NO,NO
Sasha_v11/Sasha_v11_001.png,Sasha_v11/Sasha_v11_001.png,Sasha_v11,formal_video,bd72f194f62260fb728b77b26c75c5491b178908bff53393e197c11137bf9a40,9b6a2b5d770299175ac638289faba78f6f4c1fede746704fd6c58b9b44c44c71,0aee90574e714fb5b6d50709136243fa,STEP8_ACCEPT,UPPER_BODY,60.842726417918925,124,696,696,63.893207672937415,2668.4647352430557,,MEASURED,left;right,1.0771023613536603,1.081964937382871,VALID,VALID,OPEN,OPEN;OPEN,0.4274806175578894,0.32528791992783673,0.0,0.0,0.0,0.0,0.058042567898339545,,23.204,696.0,STORED_BBOX_MIN_SAME_STEP3_FORMULA,UNAVAILABLE,RESTORATION_NOT_NEEDED,EXISTING_STEP9_PROTECTED_SHOT,NO,NO
Sash_high_identity-img/スクリーンショット 2026-09-30 110056.png,Sash_high_identity-img/スクリーンショット 2026-09-30 110056.png,,supplemental_still,b09674fe16b281285380bd5ae7c3d3585b2f787347d7672c74dd053bbbc968c4,860c29b3669de73f5dd4c370b3fc068de4a68c99d64d343dca4f27cac079addf,0aee90574e714fb5b6d50709136243fa,STEP8_ACCEPT,FULL_BODY,60.80408873541634,125,311,310,29.34100450115439,2536.6546766493057,,MEASURED,left,1.6563169850907,6.64493300587582,VALID,NOT_EXPECTED_BY_POSE,BORDERLINE,HALF_OPEN_EXISTING_DIAGNOSTIC,0.46404868545170713,0.0,0.0,0.0,0.0,0.0,0.20616410623598222,,21.787,310.0,STORED_BBOX_MIN_SAME_STEP3_FORMULA,UNAVAILABLE,REVIEW_RECOMMENDED,EXISTING_STEP9_EYE_METRIC_UNAVAILABLE,NO,NO
