global_rank,frame_id,ranking_version,best_score,review_state,source_relative_path,copy_filename,sha256
145,Sasha_v33/Sasha_v33_021.png,best_rank_v2.2,57.394638405964116,,work/frames_raw/Sasha_v33/Sasha_v33_021.png,0145__Sasha_v33_021.png,1d96369d95435cfe5c16547fc882efb94c8187a3f0ee1bcf13f74683ba77c9b3
146,Sasha_v08/Sasha_v08_018.png,best_rank_v2.2,57.35137290286716,PENDING,work/frames_raw/Sasha_v08/Sasha_v08_018.png,0146__Sasha_v08_018.png,49349667c82c656848ca0ed9597ac646687b469ccc35781de2be8a3847f995c3
147,Sasha_v05/Sasha_v05_025.png,best_rank_v2.2,57.332117479564836,,work/frames_raw/Sasha_v05/Sasha_v05_025.png,0147__Sasha_v05_025.png,c1aa108bb6591790521cf891214a943f1994bdeae55efaf0c28c8b2d5641e847
148,Sasha_v23/Sasha_v23_004.png,best_rank_v2.2,56.8464797640814,PENDING,work/frames_raw/Sasha_v23/Sasha_v23_004.png,0148__Sasha_v23_004.png,407aad0160ed6c48cdd520b9bc0c2f1d29f19dd1d7ad57ffc7ee8c02e950386c
149,Sasha_v60/Sasha_v60_004.png,best_rank_v2.2,56.84392066988894,,work/frames_raw/Sasha_v60/Sasha_v60_004.png,0149__Sasha_v60_004.png,472bb6d18510c5ba3e38ce57cc7089702ac889ba3902536e4bd649f8652f1d10
150,Sasha_v08/Sasha_v08_008.png,best_rank_v2.2,56.5706891682817,PENDING,work/frames_raw/Sasha_v08/Sasha_v08_008.png,0150__Sasha_v08_008.png,9a7367c4bfcd56bc42c09dacd1f22a64104514df1850a292bc8b57799a3940f3
151,Sasha_v53/Sasha_v53_019.png,best_rank_v2.2,56.55693285842923,,work/frames_raw/Sasha_v53/Sasha_v53_019.png,0151__Sasha_v53_019.png,03499335b29cebd94cc239acad9f53644fbff475ad93894cd2e5ac4a49e1b552
152,Sasha_v16/Sasha_v16_018.png,best_rank_v2.2,56.494585410419596,PENDING,work/frames_raw/Sasha_v16/Sasha_v16_018.png,0152__Sasha_v16_018.png,a3c52e61951a956de43681a73ad14d678aa765e584f5055d0c15fae52c6c60ac
153,Sasha_v16/Sasha_v16_024.png,best_rank_v2.2,56.42556574545236,PENDING,work/frames_raw/Sasha_v16/Sasha_v16_024.png,0153__Sasha_v16_024.png,4f5c68718aef69fc3594ac1bb0512674c2014616ca403a67abb7facc20795642
154,Sasha_v60/Sasha_v60_010.png,best_rank_v2.2,56.264162103496986,,work/frames_raw/Sasha_v60/Sasha_v60_010.png,0154__Sasha_v60_010.png,6d51b448c686ff0820e0db80e465a9d8583361647071a34eed72c769ed591545
155,Sasha_v12/Sasha_v12_018.png,best_rank_v2.2,56.25005229152891,PENDING,work/frames_raw/Sasha_v12/Sasha_v12_018.png,0155__Sasha_v12_018.png,48bf3ad911255e62925fa73e8502fc651f61f41bbd433a669662cb4e843e5777
156,Sasha_v08/Sasha_v08_011.png,best_rank_v2.2,56.2083122216809,,work/frames_raw/Sasha_v08/Sasha_v08_011.png,0156__Sasha_v08_011.png,90c8d103c84818c6bd11a698006b08c910b51e7049c57bae9078b33cdaef828c
157,Sasha_v22/Sasha_v22_013.png,best_rank_v2.2,56.19533901809123,,work/frames_raw/Sasha_v22/Sasha_v22_013.png,0157__Sasha_v22_013.png,2a80d2e7b07c386e7f0b1974cc4778819c73e5691214f09dd967e99a80705870
158,Sasha_v12/Sasha_v12_007.png,best_rank_v2.2,55.81832949007208,PENDING,work/frames_raw/Sasha_v12/Sasha_v12_007.png,0158__Sasha_v12_007.png,d8d20715971fb6c60c98537afb9a654063d893a06d12f7f2cead652c988dff17
159,Sasha_v16/Sasha_v16_020.png,best_rank_v2.2,55.64138598611904,,work/frames_raw/Sasha_v16/Sasha_v16_020.png,0159__Sasha_v16_020.png,cc2f8f9074b490ba2808da6f208f194cd21b186aea030c55c62e5e1a1534901a
160,Sasha_v24/Sasha_v24_007.png,best_rank_v2.2,55.629759433562874,,work/frames_raw/Sasha_v24/Sasha_v24_007.png,0160__Sasha_v24_007.png,fc2ac0048ad3c0c2b28254a16fe7872d96d219789c2ddbdced06a739060d14f4
161,Sasha_v05/Sasha_v05_013.png,best_rank_v2.2,55.549497428544385,,work/frames_raw/Sasha_v05/Sasha_v05_013.png,0161__Sasha_v05_013.png,8f983dc0e0e51c46cb482567f45c1ce467bfbb96cf97b1c4d683b391e6940709
162,Sasha_v22/Sasha_v22_021.png,best_rank_v2.2,55.19458398429441,,work/frames_raw/Sasha_v22/Sasha_v22_021.png,0162__Sasha_v22_021.png,822d52bd50f2604b3bb495a383207caca4232c266bb1ea8d59cc64dd45196e1a
163,Sasha_v22/Sasha_v22_010.png,best_rank_v2.2,55.18011886866015,,work/frames_raw/Sasha_v22/Sasha_v22_010.png,0163__Sasha_v22_010.png,b6b5ee9b0eb42328df27294135c36fcd25c47ff3ecb404a6770ffb7a995bce3e
164,Sasha_v37/Sasha_v37_014.png,best_rank_v2.2,55.11505197545317,,work/frames_raw/Sasha_v37/Sasha_v37_014.png,0164__Sasha_v37_014.png,012e2e78917111f7b7d757fba458d912f33a1416c396938a742b466cb05807a9
165,Sasha_v16/Sasha_v16_014.png,best_rank_v2.2,55.093529406392875,,work/frames_raw/Sasha_v16/Sasha_v16_014.png,0165__Sasha_v16_014.png,2cd5fe1960f52229333aca2bbec39de3ea6d0d410fd56f595a78edab922669b8
166,Sasha_v22/Sasha_v22_004.png,best_rank_v2.2,54.98255235419832,,work/frames_raw/Sasha_v22/Sasha_v22_004.png,0166__Sasha_v22_004.png,2c36cc3691b21d01e32ead446a4e3ffb4220d70b0230f0b7e28cad2ac5241379
167,Sasha_v53/Sasha_v53_001.png,best_rank_v2.2,54.8592140139049,,work/frames_raw/Sasha_v53/Sasha_v53_001.png,0167__Sasha_v53_001.png,6476d76c34aec945d525a16a939eee38b1c72060f6ed3dd0d0490ce906dee667
168,Sasha_v42/Sasha_v42_008.png,best_rank_v2.2,54.771358772231174,,work/frames_raw/Sasha_v42/Sasha_v42_008.png,0168__Sasha_v42_008.png,a1e3f5daa5a85989871dd7f6ab500e34eeff9bf1cfd19b7b86ce6d61520c0915
169,Sasha_v41/Sasha_v41_014.png,best_rank_v2.2,54.76675422320622,,work/frames_raw/Sasha_v41/Sasha_v41_014.png,0169__Sasha_v41_014.png,bcc4d9b1247a83734845709f6ea8510214b78ba03de7815a03a565b25b81fbb0
170,Sasha_v24/Sasha_v24_015.png,best_rank_v2.2,54.59523559614671,,work/frames_raw/Sasha_v24/Sasha_v24_015.png,0170__Sasha_v24_015.png,963d4d8ada0287cda56bffbce093ebef312d218a6faf34aad6e265aaebacadc8
171,Sasha_v32/Sasha_v32_019.png,best_rank_v2.2,54.4549496978678,,work/frames_raw/Sasha_v32/Sasha_v32_019.png,0171__Sasha_v32_019.png,590f1c02288ae7252637af564edc9a73a9e5de60be291d354591108c11a6269b
172,Sasha_v53/Sasha_v53_016.png,best_rank_v2.2,54.349962815309866,,work/frames_raw/Sasha_v53/Sasha_v53_016.png,0172__Sasha_v53_016.png,36ab8a84bfd4cfd09877b4c7c09fa0b0bff9f63dcfce6d618edaa481e28e7682
173,Sasha_v53/Sasha_v53_028.png,best_rank_v2.2,54.30867608107905,,work/frames_raw/Sasha_v53/Sasha_v53_028.png,0173__Sasha_v53_028.png,b18757037a4f0dbae74ded73828874fe23e8c18d3f2c38c70a5a993a20a3537c
174,Sasha_v32/Sasha_v32_021.png,best_rank_v2.2,54.04904640783933,,work/frames_raw/Sasha_v32/Sasha_v32_021.png,0174__Sasha_v32_021.png,c433a83a3eddddffedcc1a5b4c916ad270c04660ef2272bb930a301ed768e94c
175,Sasha_v34/Sasha_v34_012.png,best_rank_v2.2,54.031514108229686,,work/frames_raw/Sasha_v34/Sasha_v34_012.png,0175__Sasha_v34_012.png,3f08f975df426149ef3a72d45413e12294186599ec2d0984a7e56c1b9d1b500f
176,Sasha_v33/Sasha_v33_025.png,best_rank_v2.2,53.895705959506664,,work/frames_raw/Sasha_v33/Sasha_v33_025.png,0176__Sasha_v33_025.png,3769acb528a904f4460994816377ed7dee134bd95a3fbb0e3a86e3ccd9b8b745
177,Sasha_v37/Sasha_v37_003.png,best_rank_v2.2,53.882355682841435,,work/frames_raw/Sasha_v37/Sasha_v37_003.png,0177__Sasha_v37_003.png,48970c6bb2dca2cffe13e9fed11b6f405b9783f56f0315d5bcf726aec96ff639
178,Sasha_v37/Sasha_v37_007.png,best_rank_v2.2,53.77945956361438,,work/frames_raw/Sasha_v37/Sasha_v37_007.png,0178__Sasha_v37_007.png,131d0f21a35783b60bf210c8d7c7ffa519270301b30c0cde4c5ee0b25c650fbe
179,Sasha_v11/Sasha_v11_020.png,best_rank_v2.2,53.676662801026154,,work/frames_raw/Sasha_v11/Sasha_v11_020.png,0179__Sasha_v11_020.png,2c0197aa6e07ac996a9d61fbb2a38997b94ca0f99de6159ab8e8db4b7eac829d
180,Sasha_v16/Sasha_v16_005.png,best_rank_v2.2,53.62303348735606,,work/frames_raw/Sasha_v16/Sasha_v16_005.png,0180__Sasha_v16_005.png,47b695371b3778cf4d3f7b592d2ba9ebcf665a575e3e31995db4a6790ae365b1
181,Sasha_v33/Sasha_v33_019.png,best_rank_v2.2,53.61783205961702,,work/frames_raw/Sasha_v33/Sasha_v33_019.png,0181__Sasha_v33_019.png,b9e0eba4b5a18f85ca88a3e64ac7c4135bb86c71639e69e590f5cedac2e3de44
182,Sasha_v30/Sasha_v30_006.png,best_rank_v2.2,53.56378108633143,,work/frames_raw/Sasha_v30/Sasha_v30_006.png,0182__Sasha_v30_006.png,ffbe457ca1a5173f5a853369476a2b0ed97408cb710948a3ccc0dc6a4a85cc93
183,Sasha_v09/Sasha_v09_007.png,best_rank_v2.2,53.54685203396035,,work/frames_raw/Sasha_v09/Sasha_v09_007.png,0183__Sasha_v09_007.png,584e169e9fcf6ad59dcff42afc0e2ce3570bab0f0b7164343726e6c2f00f408d
184,Sasha_v03/Sasha_v03_059.png,best_rank_v2.2,53.49203101088773,,work/frames_raw/Sasha_v03/Sasha_v03_059.png,0184__Sasha_v03_059.png,6603b1bf455a1b91f90f0342b3f31a80dbe2219108d3b3eefc9d41b886290d0d
185,Sasha_v33/Sasha_v33_024.png,best_rank_v2.2,53.44621349854274,,work/frames_raw/Sasha_v33/Sasha_v33_024.png,0185__Sasha_v33_024.png,7618731e4021c250d5bc72ed26d0bf82a5bd87dc47aa9bb87ad4953d7f576952
186,Sasha_v09/Sasha_v09_026.png,best_rank_v2.2,53.39489141628893,,work/frames_raw/Sasha_v09/Sasha_v09_026.png,0186__Sasha_v09_026.png,eea988fd84f836ff90d29dd727284525b7d28e520418c0ea3e524e73617b5266
187,Sasha_v60/Sasha_v60_014.png,best_rank_v2.2,53.3893952496493,,work/frames_raw/Sasha_v60/Sasha_v60_014.png,0187__Sasha_v60_014.png,4ce0570d0c00e0a1f5f7d5001c60cd8da708bce5f5fe6f15f576a76066d4b0dc
188,Sasha_v33/Sasha_v33_027.png,best_rank_v2.2,53.25266023783025,,work/frames_raw/Sasha_v33/Sasha_v33_027.png,0188__Sasha_v33_027.png,06a4ec28779f0009b69191e24114db03e00915e7478d70e5ce8625f5aac82b4e
189,Sasha_v60/Sasha_v60_018.png,best_rank_v2.2,53.10544630477538,,work/frames_raw/Sasha_v60/Sasha_v60_018.png,0189__Sasha_v60_018.png,6bde289f2aaf7a5e3f16758e755c0ff7e86b379d3defac06916cce792e82dc09
190,Sasha_v61/Sasha_v61_015.png,best_rank_v2.2,53.07274255668514,,work/frames_raw/Sasha_v61/Sasha_v61_015.png,0190__Sasha_v61_015.png,f25dd98db5932ac473c36137fe78e29dc774d49a52a96a21f9de932fa50fe3c9
191,Sasha_v51/Sasha_v51_012.png,best_rank_v2.2,53.047117562487415,,work/frames_raw/Sasha_v51/Sasha_v51_012.png,0191__Sasha_v51_012.png,22a4517c8229f3d3acf829ab6a745903019bea5ad8f4c753b9b017482740e8be
192,Sasha_v09/Sasha_v09_006.png,best_rank_v2.2,53.02502499201128,,work/frames_raw/Sasha_v09/Sasha_v09_006.png,0192__Sasha_v09_006.png,3532ce060d6238456467e366ced9f864d3f4baf06ecd37a0490898af9d2265f4
193,Sasha_v22/Sasha_v22_033.png,best_rank_v2.2,53.00187714018639,,work/frames_raw/Sasha_v22/Sasha_v22_033.png,0193__Sasha_v22_033.png,d9d801ae1bedd17bd3adeccb1c1e262e2036d2974ba3852d9e7931dbdc1b1f82
194,Sasha_v22/Sasha_v22_024.png,best_rank_v2.2,52.95411343237623,,work/frames_raw/Sasha_v22/Sasha_v22_024.png,0194__Sasha_v22_024.png,d406cb40a4b2a976873b7de074c414ea65f52cb5cce5c6e51265ea52fd047f73
195,Sasha_v60/Sasha_v60_017.png,best_rank_v2.2,52.88851939227914,,work/frames_raw/Sasha_v60/Sasha_v60_017.png,0195__Sasha_v60_017.png,c33627674475a994aa71b719170b89dbff2e4197ead9fd1a46ee361b65452f2d
196,Sash_high_identity-img/スクリーンショット 2026-09-30 105828.png,best_rank_v2.2,52.84214960543947,PENDING,work/frames_raw/Sash_high_identity-img/スクリーンショット 2026-09-30 105828.png,0196__スクリーンショット 2026-09-30 105828.png,29965b319177addbe26daa605bbb2333a7a1d71be92677c4baa2f8cca41fc4b5
197,Sasha_v24/Sasha_v24_008.png,best_rank_v2.2,52.84034680528239,,work/frames_raw/Sasha_v24/Sasha_v24_008.png,0197__Sasha_v24_008.png,ec421a09575e88b5b1cbc246e91aeb7861695e8d9376557363318c1e26a6c325
198,Sasha_v24/Sasha_v24_016.png,best_rank_v2.2,52.79742891243735,,work/frames_raw/Sasha_v24/Sasha_v24_016.png,0198__Sasha_v24_016.png,d53c05e65d7c158567ff681618b805b91a2f130ae3157c4e523e73da456253e8
199,Sasha_v23/Sasha_v23_015.png,best_rank_v2.2,52.77200738675605,,work/frames_raw/Sasha_v23/Sasha_v23_015.png,0199__Sasha_v23_015.png,d84e089822015c09d806ac39be6196af8dddd6f84dcf65cae324c7d5dfc07f5a
200,Sasha_v33/Sasha_v33_030.png,best_rank_v2.2,52.76475119925865,,work/frames_raw/Sasha_v33/Sasha_v33_030.png,0200__Sasha_v33_030.png,290cc19e0dcd783125e5d4efde291ef7ee6390e756ba5a1f4b4898b7307914df
